name,zone,difficulty,active_time,weight,meat_stars,drops,recipes,image_url,image_filename,wiki_url,caught,breeding_pair,is_dlc,is_event_locked,best_capture_method
American Lobster,Blue Hole Shallows (0-50m)[],8,Day,1kg,3,,American Lobster Sushi; Lobster Platter,https://static.wikia.nocookie.net/dave-the-diver/images/2/2a/American_Lobster_Thumbnail.png/revision/latest/scale-to-width-down/48?cb=20240612160157,American_Lobster.png,https://dave-the-diver.fandom.com/wiki/American_Lobster,False,False,False,False,Tranquilizer/Net (3-star)
Barrel Jellyfish,Blue Hole Shallows (0-50m)[],2,Day,1kg,3,Barrel Jellyfish Tentacle,Barrel Jellyfish Sushi; Seasoned Jellyfish,https://static.wikia.nocookie.net/dave-the-diver/images/3/3f/Barrel_Jellyfish_Thumbnail.png/revision/latest/scale-to-width-down/47?cb=20230727174136,Barrel_Jellyfish.png,https://dave-the-diver.fandom.com/wiki/Barrel_Jellyfish,False,False,False,False,Harpoon (2-star)
Big-Belly Seahorse,Blue Hole Shallows (0-50m)[],2,Day,0.5kg,5,,Fried Seahorses; Seahorse Salad; Seahorse Skewers; Seahorse Udon,https://static.wikia.nocookie.net/dave-the-diver/images/4/42/Seahorse_07_Thumbnail.png/revision/latest/scale-to-width-down/26?cb=20230728052730,Big_Belly_Seahorse.png,https://dave-the-diver.fandom.com/wiki/Big-Belly_Seahorse,False,False,False,False,Bug Net (3-star)
Black and White Snapper,Blue Hole Shallows (0-50m)[],1,Day,1kg,5,,B&W Snapper Sushi,https://static.wikia.nocookie.net/dave-the-diver/images/1/15/Black_and_White_Snapper_Thumbnail.png/revision/latest/scale-to-width-down/48?cb=20230727174907,Black_and_White_Snapper.png,https://dave-the-diver.fandom.com/wiki/Black_and_White_Snapper,False,False,False,False,Harpoon (2-star)
Blacktip Reefshark,Blue Hole Shallows (0-50m)[],6,Night,2.5kg,9,Blacktip Shark Meat,Blacktip Reefshark Sushi; Shark Karaage,https://static.wikia.nocookie.net/dave-the-diver/images/8/86/Blacktip_ReefShark_Thumbnail.png/revision/latest/scale-to-width-down/48?cb=20230727175226,Blacktip_Reefshark.png,https://dave-the-diver.fandom.com/wiki/Blacktip_Reefshark,False,False,False,False,Harpoon (2-star)
Blue Lobster,Blue Hole Shallows (0-50m)[],8,Night,1kg,3,,Blue Lobster Sushi; Truffle Blue Lobster Tail Sushi,https://static.wikia.nocookie.net/dave-the-diver/images/a/ab/Blue_Lobster_Thumbnail.png/revision/latest/scale-to-width-down/48?cb=20231228012904,Blue_Lobster.png,https://dave-the-diver.fandom.com/wiki/Blue_Lobster,False,False,False,False,Tranquilizer/Net (3-star)
Blue Tang,Blue Hole Shallows (0-50m)[],1,Day,0.5,3,,Blue Tang Sushi; Roasted Tropical Fish and Garlic,https://static.wikia.nocookie.net/dave-the-diver/images/e/e6/Bluetang_Thumbnail.png/revision/latest?cb=20230727175538,Blue_Tang.png,https://dave-the-diver.fandom.com/wiki/Blue_Tang,False,False,False,False,Harpoon (2-star)
Bluefin Tuna,Blue Hole Shallows (0-50m)[],7,Day,8kg,9,Bluefin Tuna Akami; Bluefin Tuna Chutoro; Bluefin Tuna Ootoro,Bluefin Tuna Akami Sushi; Bluefin Tuna Rice Bowl; Bluefin Tuna Chutoro Sushi; Chirashi Sushi; Hot Pepper Tuna; Bluefin Tuna Ootoro Sushi; Hyalonema Tuna Sashimi,https://static.wikia.nocookie.net/dave-the-diver/images/e/e5/BlueFin_Tuna_Thumbnail.png/revision/latest/scale-to-width-down/48?cb=20230727175812,Bluefin_Tuna.png,https://dave-the-diver.fandom.com/wiki/Bluefin_Tuna,False,False,False,False,Harpoon (2-star)
Box Jellyfish,Blue Hole Shallows (0-50m)[],5,Night,5kg,3,Box Jellyfish Tentacle,Box Jellyfish Sushi; Cold Jellyfish & Green Sea Urchin Salad,https://static.wikia.nocookie.net/dave-the-diver/images/e/e0/Box_Jellyfish_Thumbnail.png/revision/latest/scale-to-width-down/39?cb=20230727180046,Box_Jellyfish.png,https://dave-the-diver.fandom.com/wiki/Box_Jellyfish,False,False,False,False,Harpoon (2-star)
Cardinal Fish,Blue Hole Shallows (0-50m)[],1,Day,0.2kg,3,,Cardinalfish Sushi,https://static.wikia.nocookie.net/dave-the-diver/images/2/26/Ruby_CardinalFish_Thumbnail.png/revision/latest?cb=20230727180145,Cardinal_Fish.png,https://dave-the-diver.fandom.com/wiki/Cardinal_Fish,False,False,False,False,Harpoon (2-star)
Clearfin Lionfish,Blue Hole Shallows (0-50m)[],4,Night,1.7kg,3,,Clearfin Lionfish Sushi; Moonlight Bladderwrack Roll,https://static.wikia.nocookie.net/dave-the-diver/images/b/b2/Clearfin_Lionfish_Thumbnail.png/revision/latest/scale-to-width-down/48?cb=20231225175749,Clearfin_Lionfish.png,https://dave-the-diver.fandom.com/wiki/Clearfin_Lionfish,False,False,False,False,Harpoon (2-star)
Clownfish,Blue Hole Shallows (0-50m)[],1,Day,0.2kg,3,,Clownfish Sushi; Roasted Tropical Fish and Garlic,https://static.wikia.nocookie.net/dave-the-diver/images/f/fc/ClownFish_Thumbnail.png/revision/latest?cb=20230725180350,Clownfish.png,https://dave-the-diver.fandom.com/wiki/Clownfish,False,False,False,False,Harpoon (2-star)
Comber,Blue Hole Shallows (0-50m)[],1,Day,0.2kg,3,,Comber Sushi; Comber Sandwich,https://static.wikia.nocookie.net/dave-the-diver/images/d/d9/Comber_Thumbnail.png/revision/latest?cb=20230727180248,Comber.png,https://dave-the-diver.fandom.com/wiki/Comber,False,False,False,False,Harpoon (2-star)
Copper Shark,Blue Hole Shallows (0-50m)[],6,Night,4kg,9,,Copper shark Sushi; Shark Karaage,https://static.wikia.nocookie.net/dave-the-diver/images/d/d3/Copper_Shark_Thumbnail.png/revision/latest/scale-to-width-down/48?cb=20230728040629,Copper_Shark.png,https://dave-the-diver.fandom.com/wiki/Copper_Shark,False,False,False,False,Harpoon (2-star)
Emperor Angelfish,Blue Hole Shallows (0-50m)[],1,Day,0.4kg,3,,Emperor Angelfish Sushi,https://static.wikia.nocookie.net/dave-the-diver/images/c/ca/Emperor_AngelFish_Thumbnail.png/revision/latest/scale-to-width-down/48?cb=20230727180510,Emperor_Angelfish.png,https://dave-the-diver.fandom.com/wiki/Emperor_Angelfish,False,False,False,False,Harpoon (2-star)
European Lobster,Blue Hole Shallows (0-50m)[],5,Day,1kg,3,,European Lobster Sushi; Godzilla vs. Ebirah Curry,https://static.wikia.nocookie.net/dave-the-diver/images/f/f3/European_Lobster_Thumbnail.png/revision/latest/scale-to-width-down/48?cb=20240612160213,European_Lobster.png,https://dave-the-diver.fandom.com/wiki/European_Lobster,False,False,False,False,Harpoon (2-star)
Flame Angelfish,Blue Hole Shallows (0-50m)[],1,Day,0.2kg,3,,Flame Angelfish Sushi,https://static.wikia.nocookie.net/dave-the-diver/images/9/97/Flame_AngelFish_Thumbnail.png/revision/latest?cb=20230727180609,Flame_Angelfish.png,https://dave-the-diver.fandom.com/wiki/Flame_Angelfish,False,False,False,False,Harpoon (2-star)
Fried Egg Jellyfish,Blue Hole Shallows (0-50m)[],2,Day,1kg,3,,Fried Egg Jellyfish Sushi; Seasoned Jellyfish,https://static.wikia.nocookie.net/dave-the-diver/images/8/80/Fried_Egg_Jellyfish_Thumbnail.png/revision/latest/scale-to-width-down/48?cb=20230727180705,Fried_Egg_Jellyfish.png,https://dave-the-diver.fandom.com/wiki/Fried_Egg_Jellyfish,False,False,False,False,Harpoon (2-star)
Great White Shark Klaus,Blue Hole Shallows (0-50m)[],99,Night,1kg,1,Klaus's Fin,White Shark Omelet,https://static.wikia.nocookie.net/dave-the-diver/images/d/d2/Boss_Great_White_Shark_Thumbnail.png/revision/latest/scale-to-width-down/48?cb=20230728052532,Great_White_Shark_Klaus.png,https://dave-the-diver.fandom.com/wiki/Great_White_Shark_Klaus,False,False,True,True,Special boss method
Green Humphead Parrotfish,Blue Hole Shallows (0-50m)[],3,Day,1.8kg,9,,Green Humphead Parrotfish Sushi; Humphead Parrotfish Curry,https://static.wikia.nocookie.net/dave-the-diver/images/b/b0/Green_Humphead_Parrotfish_Thumbnail.png/revision/latest/scale-to-width-down/43?cb=20230727180813,Green_Humphead_Parrotfish.png,https://dave-the-diver.fandom.com/wiki/Green_Humphead_Parrotfish,False,False,False,False,Harpoon (2-star)
Green Sea Urchin,Blue Hole Shallows (0-50m)[],5,Both,1kg,1,,Chirashi Sushi; Cold Jellyfish & Green Sea Urchin Salad; Deep-Fried Sea Urchin; Green Sea Urchin & Cucumber Salad,https://static.wikia.nocookie.net/dave-the-diver/images/f/ff/Green_Sea_Urchin_Thumbnail.png/revision/latest/scale-to-width-down/44?cb=20241122111303,Green_Sea_Urchin.png,https://dave-the-diver.fandom.com/wiki/Green_Sea_Urchin,False,False,False,False,Harpoon (2-star)
Jayakar's Seahorse,Blue Hole Shallows (0-50m)[],1,Day,0.5kg,5,,Fried Seahorses; Seahorse Salad; Seahorse Skewers; Seahorse Udon,https://static.wikia.nocookie.net/dave-the-diver/images/a/a5/Seahorse_12_Thumbnail.png/revision/latest/scale-to-width-down/26?cb=20230728052738,Jayakars_Seahorse.png,https://dave-the-diver.fandom.com/wiki/Jayakar%27s_Seahorse,False,False,False,False,Bug Net (3-star)
Lagoon Triggerfish,Blue Hole Shallows (0-50m)[],1,Day,0.7kg,3,,Rainbow Cap Triggerfish Fishcake; Reef Triggerfish Sushi,https://static.wikia.nocookie.net/dave-the-diver/images/7/72/Reef_Triggerfish_Thumbnail.png/revision/latest/scale-to-width-down/48?cb=20230727181019,Lagoon_Triggerfish.png,https://dave-the-diver.fandom.com/wiki/Lagoon_Triggerfish,False,False,False,False,Harpoon (2-star)
Long-Snouted Seahorse,Blue Hole Shallows (0-50m)[],4,Day,0.5kg,5,,Fried Seahorses; Seahorse Salad; Seahorse Skewers; Seahorse Udon,https://static.wikia.nocookie.net/dave-the-diver/images/2/23/Seahorse_14_Thumbnail.png/revision/latest/scale-to-width-down/25?cb=20230727181444,Long_Snouted_Seahorse.png,https://dave-the-diver.fandom.com/wiki/Long-Snouted_Seahorse,False,False,False,False,Bug Net (3-star)
Longfin Batfish,Blue Hole Shallows (0-50m)[],1,Day,0.8kg,5,,Batfish Ricebowl; Longfin Batfish Sushi,https://static.wikia.nocookie.net/dave-the-diver/images/4/49/Longfin_BatFish_Thumbnail.png/revision/latest/scale-to-width-down/27?cb=20230727185334,Longfin_Batfish.png,https://dave-the-diver.fandom.com/wiki/Longfin_Batfish,False,False,False,False,Harpoon (2-star)
Longspine Porcupinefish,Blue Hole Shallows (0-50m)[],5,Night,3.5kg,3,,Pufferfish Dumpling Soup; Seasoned Long-spine Porcupinefish Skin,https://static.wikia.nocookie.net/dave-the-diver/images/c/cc/Longspine_Porcupinefish_Thumbnail.png/revision/latest/scale-to-width-down/48?cb=20231225183601,Longspine_Porcupinefish.png,https://dave-the-diver.fandom.com/wiki/Longspine_Porcupinefish,False,False,False,False,Harpoon (2-star)
Longspine Squirrelfish,Blue Hole Shallows (0-50m)[],5,Night,0.4kg,3,,Longspine Squirrelfish Sushi; Moonlight Bladderwrack Roll,https://static.wikia.nocookie.net/dave-the-diver/images/0/0c/Longspine_Squirrelfish_Thumbnail.png/revision/latest/scale-to-width-down/48?cb=20231225183912,Longspine_Squirrelfish.png,https://dave-the-diver.fandom.com/wiki/Longspine_Squirrelfish,False,False,False,False,Harpoon (2-star)
Mantis Shrimp,Blue Hole Shallows (0-50m)[],99,Night,1kg,1,Mantis Shrimp Meat; Mantis Shrimp Tail,Boiled Mantis Shrimp with Soy Paste,https://static.wikia.nocookie.net/dave-the-diver/images/7/7c/Boss_MantisShrimp_Thumbnail.png/revision/latest/scale-to-width-down/48?cb=20230728052534,Mantis_Shrimp.png,https://dave-the-diver.fandom.com/wiki/Mantis_Shrimp,False,False,True,True,Special boss method
Marbled Electric Ray,Blue Hole Shallows (0-50m)[],6,Day,3.5kg,9,Marbled Electric Ray Meat; Marbled Electric Ray Electroplax,Marbled Electric Ray Sushi; Dried Stingray,https://static.wikia.nocookie.net/dave-the-diver/images/f/fc/Marbled_Electric_Ray_Thumbnail.png/revision/latest/scale-to-width-down/48?cb=20230727185429,Marbled_Electric_Ray.png,https://dave-the-diver.fandom.com/wiki/Marbled_Electric_Ray,False,False,False,False,Harpoon (2-star)
Marlin,Blue Hole Shallows (0-50m)[],8,Day,7.5kg,9,Marlin Meat,Marlin Sushi; Marlin and Soybean Paste Roast,https://static.wikia.nocookie.net/dave-the-diver/images/1/13/Striped_Marlin_Thumbnail.png/revision/latest/scale-to-width-down/48?cb=20230727185533,Marlin.png,https://dave-the-diver.fandom.com/wiki/Marlin,False,False,False,False,Tranquilizer/Net (3-star)
Mediterranean Parrotfish,Blue Hole Shallows (0-50m)[],1,Day,2kg,5,,Black Vinegar Braised Parrotfish; Mediterranean Parrotfish Sushi,https://static.wikia.nocookie.net/dave-the-diver/images/7/7b/Mediterranean_Parrotfish_Thumbnail.png/revision/latest/scale-to-width-down/48?cb=20230727185602,Mediterranean_Parrotfish.png,https://dave-the-diver.fandom.com/wiki/Mediterranean_Parrotfish,False,False,False,False,Harpoon (2-star)
Moray Eel,Blue Hole Shallows (0-50m)[],5,Night,9kg,7,Moray Eel Jawbone,Moray Eel Sushi; Moray Eel Curry,https://static.wikia.nocookie.net/dave-the-diver/images/3/33/Moray_eel_Thumbnail.png/revision/latest/scale-to-width-down/48?cb=20230727185729,Moray_Eel.png,https://dave-the-diver.fandom.com/wiki/Moray_Eel,False,False,False,False,Harpoon (2-star)
Orbicular Batfish,Blue Hole Shallows (0-50m)[],1,Day,0.3kg,3,,Batfish Ricebowl; Orbicular Batfish Fry,https://static.wikia.nocookie.net/dave-the-diver/images/f/ff/Juvenile_Circular_BatFish_Thumbnail.png/revision/latest?cb=20230727190754,Orbicular_Batfish.png,https://dave-the-diver.fandom.com/wiki/Orbicular_Batfish,False,False,False,False,Harpoon (2-star)
Ornate Wrasse,Blue Hole Shallows (0-50m)[],1,Day,0.5kg,3,,Ornate Wrasse Sushi; Wrasse Curry,https://static.wikia.nocookie.net/dave-the-diver/images/d/d2/Ornate_Wrasse_Thumbnail.png/revision/latest/scale-to-width-down/48?cb=20230727190815,Ornate_Wrasse.png,https://dave-the-diver.fandom.com/wiki/Ornate_Wrasse,False,False,False,False,Harpoon (2-star)
Pacific Seahorse,Blue Hole Shallows (0-50m)[],1,Day,0.5kg,5,,Fried Seahorses; Seahorse Salad; Seahorse Skewers; Seahorse Udon,https://static.wikia.nocookie.net/dave-the-diver/images/3/36/Seahorse_15_Thumbnail.png/revision/latest/scale-to-width-down/27?cb=20230728052743,Pacific_Seahorse.png,https://dave-the-diver.fandom.com/wiki/Pacific_Seahorse,False,False,False,False,Bug Net (3-star)
Purple Sea Urchin,Blue Hole Shallows (0-50m)[],5,Day,1kg,1,,Purple Sea Urchin Sushi; Rice with Purple Sea Urchin Sushi; Truffle Sailfish Tartare; Deep-Fried Sea Urchin,https://static.wikia.nocookie.net/dave-the-diver/images/d/d0/Purple_Sea_Urchin_Thumbnail.png/revision/latest/scale-to-width-down/48?cb=20230727192957,Purple_Sea_Urchin.png,https://dave-the-diver.fandom.com/wiki/Purple_Sea_Urchin,False,False,False,False,Harpoon (2-star)
Pyramid Butterflyfish,Blue Hole Shallows (0-50m)[],1,Day,0.4kg,3,,Pyramid Butterflyfish Sushi; Roasted Tropical Fish and Garlic,https://static.wikia.nocookie.net/dave-the-diver/images/6/68/Pyramid_butterflyFish_Thumbnail.png/revision/latest?cb=20230727193136,Pyramid_Butterflyfish.png,https://dave-the-diver.fandom.com/wiki/Pyramid_Butterflyfish,False,False,False,False,Harpoon (2-star)
Rainbow Wrasse,Blue Hole Shallows (0-50m)[],1,Day,0.6kg,3,,Rainbow Wrasse Sushi; Wrasse Curry,https://static.wikia.nocookie.net/dave-the-diver/images/c/c7/Mediterranean_Rainbow_Wrasse_Thumbnail.png/revision/latest/scale-to-width-down/48?cb=20230727193338,Rainbow_Wrasse.png,https://dave-the-diver.fandom.com/wiki/Rainbow_Wrasse,False,False,False,False,Harpoon (2-star)
Red Lionfish,Blue Hole Shallows (0-50m)[],2,Both,1.5kg,3,Red Lionfish Thorn,Red Lionfish Sushi; Deep-Fried Red Lionfish,https://static.wikia.nocookie.net/dave-the-diver/images/8/86/Red_Lionfish_Thumbnail.png/revision/latest/scale-to-width-down/48?cb=20230727193423,Red_Lionfish.png,https://dave-the-diver.fandom.com/wiki/Red_Lionfish,False,False,False,False,Harpoon (2-star)
Red-banded Lobster,Blue Hole Shallows (0-50m)[],5,Night,0.1kg,3,,Red-banded Lobster Sushi,https://static.wikia.nocookie.net/dave-the-diver/images/6/6d/Red-Banded_Lobster_Thumbnail.png/revision/latest/scale-to-width-down/48?cb=20231228013211,Red_banded_Lobster.png,https://dave-the-diver.fandom.com/wiki/Red-banded_Lobster,False,False,False,False,Harpoon (2-star)
Redtoothed Triggerfish,Blue Hole Shallows (0-50m)[],1,Day,1kg,5,,Redtoothed Triggerfish Sushi; Salt-grilled Redtoothed Triggerfish,https://static.wikia.nocookie.net/dave-the-diver/images/c/c7/Redtoothed_Triggerfish_Thumbnail.png/revision/latest/scale-to-width-down/48?cb=20230727193701,Redtoothed_Triggerfish.png,https://dave-the-diver.fandom.com/wiki/Redtoothed_Triggerfish,False,False,False,False,Harpoon (2-star)
Salema Porgy,Blue Hole Shallows (0-50m)[],1,Day,0.4kg,3,,Salema Porgy Sushi,https://static.wikia.nocookie.net/dave-the-diver/images/6/6e/Salema_Porgy_Thumbnail.png/revision/latest/scale-to-width-down/48?cb=20231225184146,Salema_Porgy.png,https://dave-the-diver.fandom.com/wiki/Salema_Porgy,False,False,False,False,Harpoon (2-star)
Sea Goldie,Blue Hole Shallows (0-50m)[],1,Day,0.3kg,3,,Sea Goldie Sushi,https://static.wikia.nocookie.net/dave-the-diver/images/9/9d/SquareSpot_Anthias_Thumbnail.png/revision/latest?cb=20230727194300,Sea_Goldie.png,https://dave-the-diver.fandom.com/wiki/Sea_Goldie,False,False,False,False,Harpoon (2-star)
Sheepshead,Blue Hole Shallows (0-50m)[],5,Day,1.8kg,9,Sheepshead Meat,Sheepshead Sushi; Boiled Asian Sheepshead Wrasse & Truffle,https://static.wikia.nocookie.net/dave-the-diver/images/8/80/Asian_Sheepshead_Thumbnail.png/revision/latest/scale-to-width-down/48?cb=20230727194516,Sheepshead.png,https://dave-the-diver.fandom.com/wiki/Sheepshead,False,False,False,False,Harpoon (2-star)
Shortfin Mako,Blue Hole Shallows (0-50m)[],8,Day,9kg,9,Mako Meat,Shortfin Mako Sushi,https://static.wikia.nocookie.net/dave-the-diver/images/2/26/Shortfin_Mako_Thumbnail.png/revision/latest/scale-to-width-down/48?cb=20230728051516,Shortfin_Mako.png,https://dave-the-diver.fandom.com/wiki/Shortfin_Mako,False,False,False,False,Tranquilizer/Net (3-star)
Small Spotted Dart,Blue Hole Shallows (0-50m)[],1,Day,0.8kg,3,,Smallspotted Dart Kajime Soup; Smallspotted Dart Sushi,https://static.wikia.nocookie.net/dave-the-diver/images/7/7d/Smallspotted_dart_Thumbnail.png/revision/latest/scale-to-width-down/48?cb=20230727194642,Small_Spotted_Dart.png,https://dave-the-diver.fandom.com/wiki/Small_Spotted_Dart,False,False,False,False,Harpoon (2-star)
Starry Puffer,Blue Hole Shallows (0-50m)[],3,Both,3kg,3,Starry Puffer Poison Sack,Stellate Puffer Special Sushi; Stellate Puffer Nicogori; Pufferfish Dumpling Soup,https://static.wikia.nocookie.net/dave-the-diver/images/2/23/Stellate_Puffer_Thumbnail.png/revision/latest/scale-to-width-down/48?cb=20230727194704,Starry_Puffer.png,https://dave-the-diver.fandom.com/wiki/Starry_Puffer,False,False,False,False,Harpoon (2-star)
Stingray,Blue Hole Shallows (0-50m)[],6,Day,3kg,9,Stingray Meat,Stingray Sushi; Dried Stingray,https://static.wikia.nocookie.net/dave-the-diver/images/2/24/Red_Stingray_Thumbnail.png/revision/latest/scale-to-width-down/48?cb=20230727194838,Stingray.png,https://dave-the-diver.fandom.com/wiki/Stingray,False,False,False,False,Harpoon (2-star)
Striped Catfish,Blue Hole Shallows (0-50m)[],5,Day,0.3kg,3,,Plotosid Pie; Striped Catfish Sushi,https://static.wikia.nocookie.net/dave-the-diver/images/c/c4/Striped_Catfish_Thumbnail.png/revision/latest/scale-to-width-down/48?cb=20230727194901,Striped_Catfish.png,https://dave-the-diver.fandom.com/wiki/Striped_Catfish,False,False,False,False,Harpoon (2-star)
Thresher Shark,Blue Hole Shallows (0-50m)[],9,Day,8.5kg,9,Thresher Shark Tail; Thresher Shark Meat,Thresher Shark Sushi,https://static.wikia.nocookie.net/dave-the-diver/images/7/71/Thresher_Shark_Thumbnail.png/revision/latest/scale-to-width-down/48?cb=20230728045756,Thresher_Shark.png,https://dave-the-diver.fandom.com/wiki/Thresher_Shark,False,False,False,False,Tranquilizer/Net (3-star)
Titan Triggerfish,Blue Hole Shallows (0-50m)[],2,Both,3.8kg,5,,Titan Triggerfish Sushi; Tropical Fish Sushi Set,https://static.wikia.nocookie.net/dave-the-diver/images/0/03/Titan_Triggerfish_Thumbnail.png/revision/latest/scale-to-width-down/44?cb=20230727195009,Titan_Triggerfish.png,https://dave-the-diver.fandom.com/wiki/Titan_Triggerfish,False,False,False,False,Harpoon (2-star)
Truck Hermit Crab,Blue Hole Shallows (0-50m)[],99,Night,1kg,1,Truck Hermit Crab Legs; Hermit Crab Pincer Piece,Stir-Fried Hermit Crab and Seaweed,https://static.wikia.nocookie.net/dave-the-diver/images/8/8a/Boss_Crab_Hermit_Thumbnail.png/revision/latest/scale-to-width-down/48?cb=20230728052527,Truck_Hermit_Crab.png,https://dave-the-diver.fandom.com/wiki/Truck_Hermit_Crab,False,False,True,True,Special boss method
White Shrimp,Blue Hole Shallows (0-50m)[],7,Both,0.1kg,5,,Boiled and Deep-Fried White Shrimp; Humboldt Ink Pasta; Rice with White Shrimp Meat; White Shrimp Sushi,https://static.wikia.nocookie.net/dave-the-diver/images/3/3f/White_Shrimp_Thumbnail.png/revision/latest/scale-to-width-down/48?cb=20230728045549,White_Shrimp.png,https://dave-the-diver.fandom.com/wiki/White_Shrimp,False,False,False,False,Harpoon (2-star)
Whiteleg Shrimp,Blue Hole Shallows (0-50m)[],5,Day,0.1kg,5,,Boiled and Deep-Fried White Shrimp; Cooked Whiteleg Shrimp Sushi; Special Fried Shrimp Sushi; Mianbao Xia; Deep-Fried Eggplant Shrimp Meatballs,https://static.wikia.nocookie.net/dave-the-diver/images/c/ca/Whiteleg_Shrimp_Thumbnail.png/revision/latest/scale-to-width-down/48?cb=20230727195049,Whiteleg_Shrimp.png,https://dave-the-diver.fandom.com/wiki/Whiteleg_Shrimp,False,False,False,False,Harpoon (2-star)
Whitetip Reefshark,Blue Hole Shallows (0-50m)[],4,Both,2.5kg,9,Whitetip Reefshark Tooth; Whitetip Reefshark Head; Whitetip Reefshark Meat,Whitetip Reefshark Sushi; Whole-Roasted Shark Head,https://static.wikia.nocookie.net/dave-the-diver/images/9/95/Whitetip_Reefshark_Thumbnail.png/revision/latest/scale-to-width-down/48?cb=20230727050737,Whitetip_Reefshark.png,https://dave-the-diver.fandom.com/wiki/Whitetip_Reefshark,False,False,False,False,Harpoon (2-star)
Yellow Tang,Blue Hole Shallows (0-50m)[],1,Day,0.4kg,3,,Yellow Tang Sushi,https://static.wikia.nocookie.net/dave-the-diver/images/9/94/Yellow_Tang_Thumbnail.png/revision/latest?cb=20230727195211,Yellow_Tang.png,https://dave-the-diver.fandom.com/wiki/Yellow_Tang,False,False,False,False,Harpoon (2-star)
Yellowback Fusilier,Blue Hole Shallows (0-50m)[],1,Day,0.8kg,3,,Yellowback Fusilier Sushi; Boiled Yellowback Fusilier,https://static.wikia.nocookie.net/dave-the-diver/images/0/0b/Yellowback_Fusilier_Thumbnail.png/revision/latest?cb=20230727195556,Yellowback_Fusilier.png,https://dave-the-diver.fandom.com/wiki/Yellowback_Fusilier,False,False,False,False,Harpoon (2-star)
Yellowfin Tuna,Blue Hole Shallows (0-50m)[],7,Day,6kg,9,Yellowfin Tuna Akami; Yellowfin Tuna Chutoro; Yellowfin Tuna Ootoro,Yellowfin Tuna Akami Sushi; Hawaiian Poke; Yellowfin Tuna Chutoro Sushi; Yellowfin Tuna Steak; Yellowfin Tuna Ootoro Sushi; Hyalonema Tuna Sashimi,https://static.wikia.nocookie.net/dave-the-diver/images/3/3b/YellowFin_Tuna_Thumbnail.png/revision/latest/scale-to-width-down/48?cb=20230727195723,Yellowfin_Tuna.png,https://dave-the-diver.fandom.com/wiki/Yellowfin_Tuna,False,False,False,False,Harpoon (2-star)
Zebra Shark,Blue Hole Shallows (0-50m)[],8,Night,10.5kg,9,Zebra Shark Meat,Zebra Shark Sushi,https://static.wikia.nocookie.net/dave-the-diver/images/3/39/Zebra_Shark_Thumbnail.png/revision/latest/scale-to-width-down/48?cb=20230728045555,Zebra_Shark.png,https://dave-the-diver.fandom.com/wiki/Zebra_Shark,False,False,False,False,Tranquilizer/Net (3-star)
Atlantic Anglerfish,Blue Hole Medium Depth (50-130m)[],4,Day,5.5kg,5,,Atlantic Anglerfish Sushi; Steamed Hyalonema Angler Fish,https://static.wikia.nocookie.net/dave-the-diver/images/6/6c/Atlantic_Anglerfish_Thumbnail.png/revision/latest/scale-to-width-down/48?cb=20230728040545,Atlantic_Anglerfish.png,https://dave-the-diver.fandom.com/wiki/Atlantic_Anglerfish,False,False,False,False,Harpoon (2-star)
Atlantic Bonito,Blue Hole Medium Depth (50-130m)[],2,Day,4kg,5,,Atlantic Bonito Curry; Atlantic Bonito Sushi,https://static.wikia.nocookie.net/dave-the-diver/images/0/0a/Atlantic_Bonito_Thumbnail.png/revision/latest/scale-to-width-down/48?cb=20230728040546,Atlantic_Bonito.png,https://dave-the-diver.fandom.com/wiki/Atlantic_Bonito,False,False,False,False,Harpoon (2-star)
Atlantic Mackerel,Blue Hole Medium Depth (50-130m)[],3,Day,3.5kg,5,,Atlantic Mackerel Sushi; Smoked Atlantic Mackerel Scramble; Warm Atlantic Mackerel Soba,https://static.wikia.nocookie.net/dave-the-diver/images/d/d7/Atlantic_Mackerel_Thumbnail.png/revision/latest/scale-to-width-down/48?cb=20230728040546,Atlantic_Mackerel.png,https://dave-the-diver.fandom.com/wiki/Atlantic_Mackerel,False,False,False,False,Harpoon (2-star)
Bigeye Scad,Blue Hole Medium Depth (50-130m)[],1,Day,0.6kg,3,,Bigeye Scad Sushi; Big-Eyed Scad and Soybean Paste Roast,https://static.wikia.nocookie.net/dave-the-diver/images/1/1d/Bigeye_Scad_Thumbnail.png/revision/latest/scale-to-width-down/48?cb=20230728040554,Bigeye_Scad.png,https://dave-the-diver.fandom.com/wiki/Bigeye_Scad,False,False,False,False,Harpoon (2-star)
Bigeye Trevally,Blue Hole Medium Depth (50-130m)[],2,Day,3kg,5,,Bigeye Trevally Sushi; Trevally Sandwich,https://static.wikia.nocookie.net/dave-the-diver/images/b/b6/Bigeye_Trevally_Thumbnail.png/revision/latest/scale-to-width-down/48?cb=20230728040554,Bigeye_Trevally.png,https://dave-the-diver.fandom.com/wiki/Bigeye_Trevally,False,False,False,False,Harpoon (2-star)
Black Tiger Shrimp,Blue Hole Medium Depth (50-130m)[],5,Day,0.1kg,5,,Deep-Fried Eggplant Shrimp Meatballs; Mianbao Xia; Raw Black Tiger Shrimp Sushi; Special Fried Shrimp Sushi,https://static.wikia.nocookie.net/dave-the-diver/images/e/e7/BlackTiger_Shrimp_Thumbnail.png/revision/latest/scale-to-width-down/48?cb=20230728040606,Black_Tiger_Shrimp.png,https://dave-the-diver.fandom.com/wiki/Black_Tiger_Shrimp,False,False,False,False,Harpoon (2-star)
Blackfin Barracuda,Blue Hole Medium Depth (50-130m)[],5,Night,5.5kg,5,,Moonlight Bladderwrack Roll; Blackfin Barracuda Sushi,https://static.wikia.nocookie.net/dave-the-diver/images/1/1a/Blackfin_Barracuda_Thumbnail.png/revision/latest/scale-to-width-down/48?cb=20230728040600,Blackfin_Barracuda.png,https://dave-the-diver.fandom.com/wiki/Blackfin_Barracuda,False,False,False,False,Harpoon (2-star)
Bluefin Tuna,Blue Hole Medium Depth (50-130m)[],7,Day,8kg,9,Bluefin Tuna Akami; Bluefin Tuna Chutoro; Bluefin Tuna Ootoro,Bluefin Tuna Akami Sushi; Bluefin Tuna Rice Bowl; Bluefin Tuna Chutoro Sushi; Chirashi Sushi; Hot Pepper Tuna; Bluefin Tuna Ootoro Sushi; Hyalonema Tuna Sashimi,https://static.wikia.nocookie.net/dave-the-diver/images/e/e5/BlueFin_Tuna_Thumbnail.png/revision/latest/scale-to-width-down/48?cb=20230727175812,Bluefin_Tuna.png,https://dave-the-diver.fandom.com/wiki/Bluefin_Tuna,False,False,False,False,Harpoon (2-star)
Bluehead Tilefish,Blue Hole Medium Depth (50-130m)[],1,Day,0.2kg,3,,Bluehead Tilefish Sushi,https://static.wikia.nocookie.net/dave-the-diver/images/8/81/Bluehead_Tilefish_Thumbnail.png/revision/latest?cb=20230728040613,Bluehead_Tilefish.png,https://dave-the-diver.fandom.com/wiki/Bluehead_Tilefish,False,False,False,False,Harpoon (2-star)
California Spiny Lobster,Blue Hole Medium Depth (50-130m)[],5,Day,,3,,California Spiny Lobster Sushi; Ebirah Chasing Sashimi,https://static.wikia.nocookie.net/dave-the-diver/images/2/23/California_Spiny_Lobster_Thumbnail.png/revision/latest/scale-to-width-down/48?cb=20240612162206,California_Spiny_Lobster.png,https://dave-the-diver.fandom.com/wiki/California_Spiny_Lobster,False,False,False,False,Harpoon (2-star)
Clown Frogfish,Blue Hole Medium Depth (50-130m)[],1,Day,0.3kg,3,,Clown Frogfish Sushi; Crimson Fish Roll,https://static.wikia.nocookie.net/dave-the-diver/images/0/0d/Warty_Frogfish_Thumbnail.png/revision/latest?cb=20230728045547,Clown_Frogfish.png,https://dave-the-diver.fandom.com/wiki/Clown_Frogfish,False,False,False,False,Harpoon (2-star)
Coral Trout,Blue Hole Medium Depth (50-130m)[],2,Day,3kg,5,,Coral Trout Sushi; Tropical Fish Sushi Set; Trout Sea Grapes Ricebowl,https://static.wikia.nocookie.net/dave-the-diver/images/6/6f/Coral_Trout_Thumbnail.png/revision/latest/scale-to-width-down/48?cb=20230728040631,Coral_Trout.png,https://dave-the-diver.fandom.com/wiki/Coral_Trout,False,False,False,False,Harpoon (2-star)
Crystal Lobster,Blue Hole Medium Depth (50-130m)[],8,Night,1.5kg,3,,Crystal Lobster Roll; Crystal Lobster Sushi,https://static.wikia.nocookie.net/dave-the-diver/images/8/84/Crystal_Lobster_Thumbnail.png/revision/latest/scale-to-width-down/48?cb=20240612163858,Crystal_Lobster.png,https://dave-the-diver.fandom.com/wiki/Crystal_Lobster,False,False,False,False,Tranquilizer/Net (3-star)
Cuttlefish,Blue Hole Medium Depth (50-130m)[],2,Day,4kg,3,Cuttlefish Skin Fragment,Chirashi Sushi; Cuttlefish Sushi; Fried Onion Cuttlefish; Three-Colored Squid Roast,https://static.wikia.nocookie.net/dave-the-diver/images/c/c4/CuttleFish_Thumbnail.png/revision/latest/scale-to-width-down/48?cb=20230728040634,Cuttlefish.png,https://dave-the-diver.fandom.com/wiki/Cuttlefish,False,False,False,False,Harpoon (2-star)
Devil Scorpionfish,Blue Hole Medium Depth (50-130m)[],8,Night,3kg,3,Devil Scorpion Fish Thorn,Devil Scorpionfish Sushi,https://static.wikia.nocookie.net/dave-the-diver/images/9/9c/Devil_ScorpionFish_Thumbnail.png/revision/latest/scale-to-width-down/48?cb=20230728040637,Devil_Scorpionfish.png,https://dave-the-diver.fandom.com/wiki/Devil_Scorpionfish,False,False,False,False,Tranquilizer/Net (3-star)
Dusky Grouper,Blue Hole Medium Depth (50-130m)[],3,Day,9kg,5,,Dusky Grouper Steak; Dusky Grouper Sushi,https://static.wikia.nocookie.net/dave-the-diver/images/6/6a/Dusky_Grouper_Thumbnail.png/revision/latest/scale-to-width-down/48?cb=20230728050110,Dusky_Grouper.png,https://dave-the-diver.fandom.com/wiki/Dusky_Grouper,False,False,False,False,Harpoon (2-star)
Dwarf Seahorse,Blue Hole Medium Depth (50-130m)[],1,Day,0.5kg,5,,Fried Seahorses; Seahorse Salad; Seahorse Skewers; Seahorse Udon,https://static.wikia.nocookie.net/dave-the-diver/images/a/af/Seahorse_09_Thumbnail.png/revision/latest/scale-to-width-down/23?cb=20230728052731,Dwarf_Seahorse.png,https://dave-the-diver.fandom.com/wiki/Dwarf_Seahorse,False,False,False,False,Bug Net (3-star)
Fan Lobster,Blue Hole Medium Depth (50-130m)[],5,Night,0.2kg,3,,Fan Lobster Sushi,https://static.wikia.nocookie.net/dave-the-diver/images/3/3b/Fan_Lobster_Thumbnail.png/revision/latest/scale-to-width-down/48?cb=20240612161527,Fan_Lobster.png,https://dave-the-diver.fandom.com/wiki/Fan_Lobster,False,False,False,False,Harpoon (2-star)
Giant Squid,Blue Hole Medium Depth (50-130m)[],99,Day,1kg,1,Giant Squid Tooth,,https://static.wikia.nocookie.net/dave-the-diver/images/4/41/Boss_Giant_Squid_Thumbnail.png/revision/latest/scale-to-width-down/37?cb=20230728052528,Giant_Squid.png,https://dave-the-diver.fandom.com/wiki/Giant_Squid,False,False,False,False,Tranquilizer/Net (3-star)
Giant Trevally,Blue Hole Medium Depth (50-130m)[],4,Day,5kg,9,Giant Trevally Meat; Giant Trevally Fin,Giant Trevally Sushi; Trevally Sandwich,https://static.wikia.nocookie.net/dave-the-diver/images/a/ad/Giant_Trevally_Thumbnail.png/revision/latest/scale-to-width-down/48?cb=20230728050237,Giant_Trevally.png,https://dave-the-diver.fandom.com/wiki/Giant_Trevally,False,False,False,False,Harpoon (2-star)
Giraffe Seahorse,Blue Hole Medium Depth (50-130m)[],1,Day,0.5kg,5,,Fried Seahorses; Seahorse Salad; Seahorse Skewers; Seahorse Udon,https://static.wikia.nocookie.net/dave-the-diver/images/b/b2/Seahorse_10_Thumbnail.png/revision/latest/scale-to-width-down/24?cb=20230728052732,Giraffe_Seahorse.png,https://dave-the-diver.fandom.com/wiki/Giraffe_Seahorse,False,False,False,False,Bug Net (3-star)
Great Barracuda,Blue Hole Medium Depth (50-130m)[],3,Both,7kg,5,,Great Barracuda Canape; Great Barracuda Sushi,https://static.wikia.nocookie.net/dave-the-diver/images/3/34/Great_Barracuda_Thumbnail.png/revision/latest/scale-to-width-down/48?cb=20230728050503,Great_Barracuda.png,https://dave-the-diver.fandom.com/wiki/Great_Barracuda,False,False,False,False,Harpoon (2-star)
Grey Triggerfish,Blue Hole Medium Depth (50-130m)[],2,Day,3.5kg,5,,Grey Triggerfish Sushi; Rainbow Cap Triggerfish Fishcake,https://static.wikia.nocookie.net/dave-the-diver/images/7/73/Grey_Triggerfish_Thumbnail.png/revision/latest/scale-to-width-down/48?cb=20230728050512,Grey_Triggerfish.png,https://dave-the-diver.fandom.com/wiki/Grey_Triggerfish,False,False,False,False,Harpoon (2-star)
Harlequin Hind,Blue Hole Medium Depth (50-130m)[],2,Day,1.1kg,5,,Harlequin Hind Sushi; Tropical Fish Sushi Set,https://static.wikia.nocookie.net/dave-the-diver/images/4/4d/Harlequin_Hind_Thumbnail.png/revision/latest/scale-to-width-down/48?cb=20230728050514,Harlequin_Hind.png,https://dave-the-diver.fandom.com/wiki/Harlequin_Hind,False,False,False,False,Harpoon (2-star)
Hedgehog Seahorse,Blue Hole Medium Depth (50-130m)[],3,Day,0.5kg,5,,Fried Seahorses; Seahorse Salad; Seahorse Skewers; Seahorse Udon,https://static.wikia.nocookie.net/dave-the-diver/images/0/0a/Seahorse_11_Thumbnail.png/revision/latest/scale-to-width-down/25?cb=20230728052735,Hedgehog_Seahorse.png,https://dave-the-diver.fandom.com/wiki/Hedgehog_Seahorse,False,False,False,False,Bug Net (3-star)
Humboldt Squid,Blue Hole Medium Depth (50-130m)[],8,Night,7.5kg,9,Humboldt Squid Meat,Humboldt Squid Sushi; Humboldt Ink Pasta,https://static.wikia.nocookie.net/dave-the-diver/images/4/42/Humboldt_Squid_Thumbnail.png/revision/latest/scale-to-width-down/48?cb=20230728050517,Humboldt_Squid.png,https://dave-the-diver.fandom.com/wiki/Humboldt_Squid,False,False,False,False,Tranquilizer/Net (3-star)
Longnose Sawshark,Blue Hole Medium Depth (50-130m)[],6,Both,6.5kg,9,Longnose Sawshark Meat,Longnose Sawshark Sushi,https://static.wikia.nocookie.net/dave-the-diver/images/8/83/LongNoseSaw_Shark_Thumbnail.png/revision/latest/scale-to-width-down/48?cb=20230728050759,Longnose_Sawshark.png,https://dave-the-diver.fandom.com/wiki/Longnose_Sawshark,False,False,False,False,Harpoon (2-star)
Lusca,Blue Hole Medium Depth (50-130m)[],99,Night,1kg,1,Lusca Tentacle; Lusca Neck Meat,Blanched Lusca Tentacle; Lusca Neck Tadaki,https://static.wikia.nocookie.net/dave-the-diver/images/e/ec/Lusca_Thumbnail.png/revision/latest/scale-to-width-down/40?cb=20240612161509,Lusca.png,https://dave-the-diver.fandom.com/wiki/Lusca,False,False,False,False,Tranquilizer/Net (3-star)
Mackerel Scad,Blue Hole Medium Depth (50-130m)[],1,Day,0.8,3,,Mackerel Scad Sushi; Mackerel Scad Hotdog,https://static.wikia.nocookie.net/dave-the-diver/images/0/0e/Mackerel_Scad_Thumbnail.png/revision/latest/scale-to-width-down/48?cb=20230728050801,Mackerel_Scad.png,https://dave-the-diver.fandom.com/wiki/Mackerel_Scad,False,False,False,False,Harpoon (2-star)
Narrow-Barred Spanish Mackerel,Blue Hole Medium Depth (50-130m)[],3,Day,9kg,5,,Narrow-barred Spanish Mackerel Arancini; Narrow-barred Spanish mackerel Sushi,https://static.wikia.nocookie.net/dave-the-diver/images/7/7b/Narrow-barred_Spanish_mackerel_Thumbnail.png/revision/latest/scale-to-width-down/48?cb=20230728050825,Narrow_Barred_Spanish_Mackerel.png,https://dave-the-diver.fandom.com/wiki/Narrow-Barred_Spanish_Mackerel,False,False,False,False,Harpoon (2-star)
Painted Comber,Blue Hole Medium Depth (50-130m)[],1,Day,0.4kg,3,,Comber Sandwich; Painted Comber Sushi,https://static.wikia.nocookie.net/dave-the-diver/images/0/01/Painted_Comber_Thumbnail.png/revision/latest/scale-to-width-down/48?cb=20230728050831,Painted_Comber.png,https://dave-the-diver.fandom.com/wiki/Painted_Comber,False,False,False,False,Harpoon (2-star)
Sailfish,Blue Hole Medium Depth (50-130m)[],9,Day,9kg,9,Sailfish Meat; Sailfish Bill,Sailfish Sushi; Boiled Sailfish and Seaweed; Truffle Sailfish Tartare,https://static.wikia.nocookie.net/dave-the-diver/images/c/cd/Sail_Fish_Thumbnail.png/revision/latest/scale-to-width-down/48?cb=20230728051216,Sailfish.png,https://dave-the-diver.fandom.com/wiki/Sailfish,False,False,False,False,Tranquilizer/Net (3-star)
Sally Lightfoot Crab,Blue Hole Medium Depth (50-130m)[],7,Day,4kg,5,,Fried Rice with Sally Lightfoot Crab; Sally Lightfoot Crab Sushi,https://static.wikia.nocookie.net/dave-the-diver/images/0/09/Sally_Lightfoot_Crab_Thumbnail.png/revision/latest/scale-to-width-down/48?cb=20230728051217,Sally_Lightfoot_Crab.png,https://dave-the-diver.fandom.com/wiki/Sally_Lightfoot_Crab,False,False,False,False,Harpoon (2-star)
Smooth Hammerhead,Blue Hole Medium Depth (50-130m)[],9,Day,13kg,9,Hammerhead Meat; Hammerhead Shark Skull,Smooth Hammerhead Sushi,https://static.wikia.nocookie.net/dave-the-diver/images/9/9c/Smooth_Hammershark_Thumbnail.png/revision/latest/scale-to-width-down/45?cb=20230728051519,Smooth_Hammerhead.png,https://dave-the-diver.fandom.com/wiki/Smooth_Hammerhead,False,False,False,False,Tranquilizer/Net (3-star)
Spear Squid,Blue Hole Medium Depth (50-130m)[],5,Night,4.6kg,3,,Spear Squid Sushi; Spear Squid Soba Futomaki,https://static.wikia.nocookie.net/dave-the-diver/images/2/2c/Spear_Squid_Thumbnail.png/revision/latest/scale-to-width-down/48?cb=20231225190513,Spear_Squid.png,https://dave-the-diver.fandom.com/wiki/Spear_Squid,False,False,False,False,Harpoon (2-star)
Spiny Seahorse,Blue Hole Medium Depth (50-130m)[],4,Day,0.5kg,5,,Fried Seahorses; Seahorse Salad; Seahorse Skewers; Seahorse Udon,https://static.wikia.nocookie.net/dave-the-diver/images/e/ea/Seahorse_20_Thumbnail.png/revision/latest/scale-to-width-down/26?cb=20230728052746,Spiny_Seahorse.png,https://dave-the-diver.fandom.com/wiki/Spiny_Seahorse,False,False,False,False,Bug Net (3-star)
Striped Red Mullet,Blue Hole Medium Depth (50-130m)[],1,Day,0.7kg,3,,Striped Red Mullet Sushi; Striped Red Mullet Tangle Roll,https://static.wikia.nocookie.net/dave-the-diver/images/6/62/Red_Mullet_Thumbnail.png/revision/latest/scale-to-width-down/48?cb=20230728051207,Striped_Red_Mullet.png,https://dave-the-diver.fandom.com/wiki/Striped_Red_Mullet,False,False,False,False,Harpoon (2-star)
Tiger Shark,Blue Hole Medium Depth (50-130m)[],6,Both,15kg,9,Tiger Shark Meat; Tiger Shark Tooth,Tiger shark Sushi,https://static.wikia.nocookie.net/dave-the-diver/images/6/6a/Tiger_Shark_Thumbnail.png/revision/latest/scale-to-width-down/48?cb=20230725190109,Tiger_Shark.png,https://dave-the-diver.fandom.com/wiki/Tiger_Shark,False,False,False,False,Harpoon (2-star)
Tiger-Tail Seahorse,Blue Hole Medium Depth (50-130m)[],5,Day,0.5kg,5,,Fried Seahorses; Seahorse Salad; Seahorse Skewers; Seahorse Udon,https://static.wikia.nocookie.net/dave-the-diver/images/0/06/Seahorse_18_Thumbnail.png/revision/latest/scale-to-width-down/27?cb=20230728052745,Tiger_Tail_Seahorse.png,https://dave-the-diver.fandom.com/wiki/Tiger-Tail_Seahorse,False,False,False,False,Bug Net (3-star)
Tropical Rock Lobster,Blue Hole Medium Depth (50-130m)[],8,Day,,3,,Tropical Rock Lobster Sushi; Lobster Platter,https://static.wikia.nocookie.net/dave-the-diver/images/f/f9/Tropical_Rock_Lobster_Thumbnail.png/revision/latest/scale-to-width-down/44?cb=20240612163913,Tropical_Rock_Lobster.png,https://dave-the-diver.fandom.com/wiki/Tropical_Rock_Lobster,False,False,False,False,Tranquilizer/Net (3-star)
White Shrimp,Blue Hole Medium Depth (50-130m)[],7,Both,0.1kg,5,,Boiled and Deep-Fried White Shrimp; Humboldt Ink Pasta; Rice with White Shrimp Meat; White Shrimp Sushi,https://static.wikia.nocookie.net/dave-the-diver/images/3/3f/White_Shrimp_Thumbnail.png/revision/latest/scale-to-width-down/48?cb=20230728045549,White_Shrimp.png,https://dave-the-diver.fandom.com/wiki/White_Shrimp,False,False,False,False,Harpoon (2-star)
White Spotted Jellyfish,Blue Hole Medium Depth (50-130m)[],2,Day,1kg,3,Spotted Jellyfish Tentacle,White Spotted Jellyfish Sushi; Seagrapes Jellyfish Sushi,https://static.wikia.nocookie.net/dave-the-diver/images/9/9f/Australian_Spotted_Jellyfish_Thumbnail.png/revision/latest/scale-to-width-down/48?cb=20230728040547,White_Spotted_Jellyfish.png,https://dave-the-diver.fandom.com/wiki/White_Spotted_Jellyfish,False,False,False,False,Harpoon (2-star)
White Trevally,Blue Hole Medium Depth (50-130m)[],2,Day,6kg,5,,Trevally Nanbanzuke; White Trevally Sushi; White Trevally Kombu Ochazuke,https://static.wikia.nocookie.net/dave-the-diver/images/d/d6/White_Trevally_Thumbnail.png/revision/latest/scale-to-width-down/48?cb=20230728045550,White_Trevally.png,https://dave-the-diver.fandom.com/wiki/White_Trevally,False,False,False,False,Harpoon (2-star)
Yellowfin Tuna,Blue Hole Medium Depth (50-130m)[],7,Day,6kg,9,Yellowfin Tuna Akami; Yellowfin Tuna Chutoro; Yellowfin Tuna Ootoro,Yellowfin Tuna Akami Sushi; Hawaiian Poke; Yellowfin Tuna Chutoro Sushi; Yellowfin Tuna Steak; Yellowfin Tuna Ootoro Sushi; Hyalonema Tuna Sashimi,https://static.wikia.nocookie.net/dave-the-diver/images/3/3b/YellowFin_Tuna_Thumbnail.png/revision/latest/scale-to-width-down/48?cb=20230727195723,Yellowfin_Tuna.png,https://dave-the-diver.fandom.com/wiki/Yellowfin_Tuna,False,False,False,False,Harpoon (2-star)
Zebra Seahorse,Blue Hole Medium Depth (50-130m)[],7,Day,0.5kg,5,,Fried Seahorses; Seahorse Salad; Seahorse Skewers; Seahorse Udon,https://static.wikia.nocookie.net/dave-the-diver/images/8/89/Seahorse_19_Thumbnail.png/revision/latest/scale-to-width-down/26?cb=20230728052745,Zebra_Seahorse.png,https://dave-the-diver.fandom.com/wiki/Zebra_Seahorse,False,False,False,False,Bug Net (3-star)
Blood-belly Comb Jellyfish,Blue Hole Depths (130-250m)[],6,Day,7kg,3,,Blood-belly Comb Jelly Sushi,https://static.wikia.nocookie.net/dave-the-diver/images/b/b1/Bloodbelly_Comb_Jelly_Thumbnail.png/revision/latest/scale-to-width-down/48?cb=20230727172640,Blood_belly_Comb_Jellyfish.png,https://dave-the-diver.fandom.com/wiki/Blood-belly_Comb_Jellyfish,False,False,False,False,Harpoon (2-star)
Bluespotted Stargazer,Blue Hole Depths (130-250m)[],6,Day,5kg,5,Stargazer Tooth,Bluespotted Stargazer Sushi; Sweet and Sour Stargazer,https://static.wikia.nocookie.net/dave-the-diver/images/6/60/BluespottedStargazer_Thumbnail.png/revision/latest/scale-to-width-down/48?cb=20230728040614,Bluespotted_Stargazer.png,https://dave-the-diver.fandom.com/wiki/Bluespotted_Stargazer,False,False,False,False,Harpoon (2-star)
Chambered Nautilus,Blue Hole Depths (130-250m)[],5,Day,1kg,5,,Chambered Nautilus Sushi,https://static.wikia.nocookie.net/dave-the-diver/images/1/19/Chambered_Nautilus_Thumbnail.png/revision/latest/scale-to-width-down/48?cb=20230728040622,Chambered_Nautilus.png,https://dave-the-diver.fandom.com/wiki/Chambered_Nautilus,False,False,False,False,Harpoon (2-star)
Clione,Blue Hole Depths (130-250m)[],5,Day,0.1kg,5,,Clione Sushi,https://static.wikia.nocookie.net/dave-the-diver/images/7/79/Clione_Thumbnail.png/revision/latest?cb=20230728040623,Clione.png,https://dave-the-diver.fandom.com/wiki/Clione,False,False,False,False,Harpoon (2-star)
Clione Queen,Blue Hole Depths (130-250m)[],99,Day,1kg,1,Clione Queen Tentacle; Clione Queen Poison Sack,Clione Queen Soup,https://static.wikia.nocookie.net/dave-the-diver/images/e/e0/Boss_Clione_Thumbnail.png/revision/latest/scale-to-width-down/48?cb=20230727172247,Clione_Queen.png,https://dave-the-diver.fandom.com/wiki/Clione_Queen,False,False,False,False,Tranquilizer/Net (3-star)
Comb Jelly,Blue Hole Depths (130-250m)[],6,Day,7kg,3,Comb Jelly Electric Organ,Comb Jelly Sushi; Deep Sea Kaiju Ramen,https://static.wikia.nocookie.net/dave-the-diver/images/4/40/Comb_Jelly_Thumbnail.png/revision/latest/scale-to-width-down/43?cb=20230727172700,Comb_Jelly.png,https://dave-the-diver.fandom.com/wiki/Comb_Jelly,False,False,False,False,Harpoon (2-star)
Cookiecutter Shark,Blue Hole Depths (130-250m)[],6,Day,5kg,3,,Cookiecutter Shark Sushi; Deep Fish Tempura,https://static.wikia.nocookie.net/dave-the-diver/images/9/9a/Cookiecutter_Shark_Thumbnail.png/revision/latest/scale-to-width-down/48?cb=20230728040628,Cookiecutter_Shark.png,https://dave-the-diver.fandom.com/wiki/Cookiecutter_Shark,False,False,False,False,Harpoon (2-star)
Crowned Seahorse,Blue Hole Depths (130-250m)[],4,Day,0.5kg,5,,Fried Seahorses; Seahorse Salad; Seahorse Skewers; Seahorse Udon,https://static.wikia.nocookie.net/dave-the-diver/images/0/04/Seahorse_08_Thumbnail.png/revision/latest/scale-to-width-down/23?cb=20230728052730,Crowned_Seahorse.png,https://dave-the-diver.fandom.com/wiki/Crowned_Seahorse,False,False,False,False,Bug Net (3-star)
Eastern Rock Lobster,Blue Hole Depths (130-250m)[],8,Day,,3,,Eastern Rock Lobster Sushi; Steamed Eastern Rock Lobster & Egg,https://static.wikia.nocookie.net/dave-the-diver/images/9/96/Eastern_Rock_Lobster_Thumbnail.png/revision/latest/scale-to-width-down/48?cb=20240612161427,Eastern_Rock_Lobster.png,https://dave-the-diver.fandom.com/wiki/Eastern_Rock_Lobster,False,False,False,False,Tranquilizer/Net (3-star)
Fangtooth,Blue Hole Depths (130-250m)[],5,Day,3kg,3,,Fangtooth Sushi; Fried Habanero Fangtooth,https://static.wikia.nocookie.net/dave-the-diver/images/e/ec/Fangtooth_Thumbnail.png/revision/latest/scale-to-width-down/48?cb=20230728050117,Fangtooth.png,https://dave-the-diver.fandom.com/wiki/Fangtooth,False,False,False,False,Harpoon (2-star)
Frilled Shark,Blue Hole Depths (130-250m)[],7,Day,8.5kg,9,Frilled Shark Meat; Frilled Shark Teeth,Frilled Shark Sushi; Truffle Shark Sandwich,https://static.wikia.nocookie.net/dave-the-diver/images/c/cf/Frilled_Shark_Thumbnail.png/revision/latest/scale-to-width-down/48?cb=20230728050229,Frilled_Shark.png,https://dave-the-diver.fandom.com/wiki/Frilled_Shark,False,False,False,False,Harpoon (2-star)
Giant Wolf Eel,Blue Hole Depths (130-250m)[],99,Day,1kg,1,Wolf Eel Tail Meat; Wolf Eel Gill,Steamed Wolf Eel,https://static.wikia.nocookie.net/dave-the-diver/images/0/04/Boss_Wolffish_Thumbnail.png/revision/latest/scale-to-width-down/48?cb=20230728052535,Giant_Wolf_Eel.png,https://dave-the-diver.fandom.com/wiki/Giant_Wolf_Eel,False,False,False,False,Tranquilizer/Net (3-star)
Goblin Shark,Blue Hole Depths (130-250m)[],99,Day,1kg,1,Goblin Shark's Fatty Meat; Goblin Shark Nasal Bone,Goblin Shark Belly Roast,https://static.wikia.nocookie.net/dave-the-diver/images/c/c6/Boss_Goblin_Shark_Thumbnail.png/revision/latest/scale-to-width-down/48?cb=20230728052528,Goblin_Shark.png,https://dave-the-diver.fandom.com/wiki/Goblin_Shark,False,False,False,False,Tranquilizer/Net (3-star)
Lined Seahorse,Blue Hole Depths (130-250m)[],6,Day,0.5kg,5,,Fried Seahorses; Seahorse Salad; Seahorse Skewers; Seahorse Udon,https://static.wikia.nocookie.net/dave-the-diver/images/2/2e/Seahorse_13_Thumbnail.png/revision/latest/scale-to-width-down/27?cb=20230728052741,Lined_Seahorse.png,https://dave-the-diver.fandom.com/wiki/Lined_Seahorse,False,False,False,False,Bug Net (3-star)
Megamouth Shark,Blue Hole Depths (130-250m)[],7,Day,11.5kg,9,Megamouth Shark Meat; Megamouth Shark Jawbone,Megamouth Shark Sushi; Truffle Shark Sandwich,https://static.wikia.nocookie.net/dave-the-diver/images/d/d9/Megamouth_Shark_Thumbnail.png/revision/latest/scale-to-width-down/48?cb=20230728050822,Megamouth_Shark.png,https://dave-the-diver.fandom.com/wiki/Megamouth_Shark,False,False,False,False,Harpoon (2-star)
Norway Lobster,Blue Hole Depths (130-250m)[],5,Day,,3,,Norway Lobster Sushi; Stir-fried Habanero Lobster,https://static.wikia.nocookie.net/dave-the-diver/images/1/11/Norway_Lobster_Thumbnail.png/revision/latest/scale-to-width-down/48?cb=20240612163920,Norway_Lobster.png,https://dave-the-diver.fandom.com/wiki/Norway_Lobster,False,False,False,False,Harpoon (2-star)
Pacific Fanfish,Blue Hole Depths (130-250m)[],5,Day,5kg,3,,Pacific Fanfish Sushi; Rainbow Cap Pacific Fanfish Ochazuke,https://static.wikia.nocookie.net/dave-the-diver/images/7/7c/Pacificfanfish_Thumbnail.png/revision/latest/scale-to-width-down/42?cb=20230728050831,Pacific_Fanfish.png,https://dave-the-diver.fandom.com/wiki/Pacific_Fanfish,False,False,False,False,Harpoon (2-star)
Red Bream,Blue Hole Depths (130-250m)[],5,Day,3kg,3,,Red bream Sushi; Crimson Fish Roll,https://static.wikia.nocookie.net/dave-the-diver/images/4/4d/Red_Bream_Thumbnail.png/revision/latest?cb=20230728051205,Red_Bream.png,https://dave-the-diver.fandom.com/wiki/Red_Bream,False,False,False,False,Harpoon (2-star)
Rhinochimaeridae,Blue Hole Depths (130-250m)[],6,Day,5kg,9,Rhinochimaeridae Meat; Rhinochimaeridae Poison Thorn,Rhinochimaeridae Sushi; Crimson Fish Roll,https://static.wikia.nocookie.net/dave-the-diver/images/e/e3/Rhinochimaeridae_Thumbnail.png/revision/latest/scale-to-width-down/48?cb=20230728051211,Rhinochimaeridae.png,https://dave-the-diver.fandom.com/wiki/Rhinochimaeridae,False,False,False,False,Harpoon (2-star)
Salmon Snailfish,Blue Hole Depths (130-250m)[],5,Day,5kg,3,,Fried Tomato and Snailfish; Salmon Snailfish Sushi,https://static.wikia.nocookie.net/dave-the-diver/images/0/0b/Salmon_Snailfish_Thumbnail.png/revision/latest/scale-to-width-down/48?cb=20230728051218,Salmon_Snailfish.png,https://dave-the-diver.fandom.com/wiki/Salmon_Snailfish,False,False,False,False,Harpoon (2-star)
Sea Toad,Blue Hole Depths (130-250m)[],5,Day,5kg,3,,Sea Toad and Cucumber Gunkan Sushi; Sea toad Sushi,https://static.wikia.nocookie.net/dave-the-diver/images/7/76/Sea_Toad_Thumbnail.png/revision/latest/scale-to-width-down/48?cb=20230728051223,Sea_Toad.png,https://dave-the-diver.fandom.com/wiki/Sea_Toad,False,False,False,False,Harpoon (2-star)
Spider Crab,Blue Hole Depths (130-250m)[],6,Day,7.5kg,5,,Great Spider Crab and Cucumber Sushi; Great Spider Crab Curry; Rice with Great Spider Crab Meat; Spider Crab Sushi,https://static.wikia.nocookie.net/dave-the-diver/images/d/d9/Great_Spider_Crab_Thumbnail.png/revision/latest/scale-to-width-down/48?cb=20230728050503,Spider_Crab.png,https://dave-the-diver.fandom.com/wiki/Spider_Crab,False,False,False,False,Harpoon (2-star)
Spotted Seahorse,Blue Hole Depths (130-250m)[],2,Day,0.5kg,5,,Fried Seahorses; Seahorse Salad; Seahorse Skewers; Seahorse Udon,https://static.wikia.nocookie.net/dave-the-diver/images/e/ed/Seahorse_17_Thumbnail.png/revision/latest/scale-to-width-down/26?cb=20230728052744,Spotted_Seahorse.png,https://dave-the-diver.fandom.com/wiki/Spotted_Seahorse,False,False,False,False,Bug Net (3-star)
Threetooth Puffer,Blue Hole Depths (130-250m)[],5,Day,5kg,3,,Threetooth Puffer Sushi,https://static.wikia.nocookie.net/dave-the-diver/images/8/8e/Threetooth_Puffer_Thumbnail.png/revision/latest/scale-to-width-down/48?cb=20230728045928,Threetooth_Puffer.png,https://dave-the-diver.fandom.com/wiki/Threetooth_Puffer,False,False,False,False,Harpoon (2-star)
White Seahorse,Blue Hole Depths (130-250m)[],6,Day,0.5kg,5,,Fried Seahorses; Seahorse Salad; Seahorse Skewers; Seahorse Udon,https://static.wikia.nocookie.net/dave-the-diver/images/6/68/Seahorse_06_Thumbnail.png/revision/latest/scale-to-width-down/24?cb=20230728052729,White_Seahorse.png,https://dave-the-diver.fandom.com/wiki/White_Seahorse,False,False,False,False,Bug Net (3-star)
Barreleye,Glacier Passage[],7,Day,3kg,3,,Barreleye Sushi; Deep Fish Tempura,https://static.wikia.nocookie.net/dave-the-diver/images/e/ef/Barreleye_Thumbnail.png/revision/latest/scale-to-width-down/48?cb=20230728040553,Barreleye.png,https://dave-the-diver.fandom.com/wiki/Barreleye,False,False,True,False,Harpoon (2-star)
Blobfish,Glacier Passage[],7,Day,7.5kg,5,,Blobfish Sushi; Blobfish Spring Roll,https://static.wikia.nocookie.net/dave-the-diver/images/e/eb/Blobfish_Thumbnail.png/revision/latest/scale-to-width-down/48?cb=20230728040608,Blobfish.png,https://dave-the-diver.fandom.com/wiki/Blobfish,False,False,True,False,Harpoon (2-star)
Dumbo Octopus,Glacier Passage[],7,Day,4kg,3,,Dumbo Octopus Sushi; Dumbo Takoyaki,https://static.wikia.nocookie.net/dave-the-diver/images/4/42/Dumbo_Octopus_Thumbnail.png/revision/latest/scale-to-width-down/48?cb=20230728050109,Dumbo_Octopus.png,https://dave-the-diver.fandom.com/wiki/Dumbo_Octopus,False,False,True,False,Harpoon (2-star)
Peacock Squid,Glacier Passage[],7,Day,3.5kg,3,,Peacock Squid Sushi; Peacock Squid Ripieni; Three-Colored Squid Roast,https://static.wikia.nocookie.net/dave-the-diver/images/f/fc/Peacock_Squid_Thumbnail.png/revision/latest/scale-to-width-down/48?cb=20230728050832,Peacock_Squid.png,https://dave-the-diver.fandom.com/wiki/Peacock_Squid,False,False,True,False,Harpoon (2-star)
Pelican Eel,Glacier Passage[],9,Day,8kg,5,Pelican Eel Skin,Pelican Eel Sushi; Pelican Eel Jelly,https://static.wikia.nocookie.net/dave-the-diver/images/5/5c/Pelican_Eel_Thumbnail.png/revision/latest/scale-to-width-down/46?cb=20230728052355,Pelican_Eel.png,https://dave-the-diver.fandom.com/wiki/Pelican_Eel,False,False,True,False,Tranquilizer/Net (3-star)
Vampire Squid,Glacier Passage[],8,Day,6kg,5,Vampire Squid Tentacle,Deep Fish Tempura; Three-Colored Squid Roast; Vampire Squid Sushi,https://static.wikia.nocookie.net/dave-the-diver/images/c/c9/Vampire_Squid_Thumbnail.png/revision/latest/scale-to-width-down/48?cb=20230728045647,Vampire_Squid.png,https://dave-the-diver.fandom.com/wiki/Vampire_Squid,False,False,True,False,Tranquilizer/Net (3-star)
Alaska Pollock,Glacier Zone[],8,Day,7kg,5,,Alaska Pollock Sushi,https://static.wikia.nocookie.net/dave-the-diver/images/9/90/Alaska_Pollock_Thumbnail.png/revision/latest/scale-to-width-down/48?cb=20230728040529,Alaska_Pollock.png,https://dave-the-diver.fandom.com/wiki/Alaska_Pollock,False,False,True,False,Tranquilizer/Net (3-star)
Antarctic Octopus,Glacier Zone[],9,Day,7.5kg,5,Antarctic Octopus Venom Sack,Antarctic Octopus Sushi; Antarctic Octopus Carpaccio; Grilled Antarctic Octopus & Truffle,https://static.wikia.nocookie.net/dave-the-diver/images/d/de/Antarctic_Octopus_Thumbnail.png/revision/latest/scale-to-width-down/48?cb=20230728040536,Antarctic_Octopus.png,https://dave-the-diver.fandom.com/wiki/Antarctic_Octopus,False,False,True,False,Tranquilizer/Net (3-star)
Arctic Cod,Glacier Zone[],8,Day,5kg,3,,Arctic Cod Sushi; Arctic Cod Risotto,https://static.wikia.nocookie.net/dave-the-diver/images/3/30/Arctic_Cod_Thumbnail.png/revision/latest/scale-to-width-down/48?cb=20230728040542,Arctic_Cod.png,https://dave-the-diver.fandom.com/wiki/Arctic_Cod,False,False,True,False,Tranquilizer/Net (3-star)
Arctic Telescope Fish,Glacier Zone[],8,Day,3kg,3,,Arctic Telescope Fish Sushi,https://static.wikia.nocookie.net/dave-the-diver/images/1/14/Arctic_TelescopeFish_Thumbnail.png/revision/latest/scale-to-width-down/48?cb=20230728040544,Arctic_Telescope_Fish.png,https://dave-the-diver.fandom.com/wiki/Arctic_Telescope_Fish,False,False,True,False,Tranquilizer/Net (3-star)
Capelin,Glacier Zone[],8,Day,0.5kg,3,,Capelin Sushi; Roasted Capelin,https://static.wikia.nocookie.net/dave-the-diver/images/4/48/Capelin_Thumbnail.png/revision/latest/scale-to-width-down/48?cb=20230728040619,Capelin.png,https://dave-the-diver.fandom.com/wiki/Capelin,False,False,True,False,Tranquilizer/Net (3-star)
Gelatinous Snailfish,Glacier Zone[],8,Day,2kg,3,,Gelatinous Snailfish Sushi; Fried Tomato and Snailfish,https://static.wikia.nocookie.net/dave-the-diver/images/f/f8/Gelatinous_Snailfish_Thumbnail.png/revision/latest/scale-to-width-down/48?cb=20230728050235,Gelatinous_Snailfish.png,https://dave-the-diver.fandom.com/wiki/Gelatinous_Snailfish,False,False,True,False,Tranquilizer/Net (3-star)
Golden King Crab,Glacier Zone[],8,Day,8kg,5,,Golden King Crab Sushi; Soy Sauce Marinated Crab,https://static.wikia.nocookie.net/dave-the-diver/images/e/ef/Golden_King_Crab_Thumbnail.png/revision/latest/scale-to-width-down/48?cb=20231226232621,Golden_King_Crab.png,https://dave-the-diver.fandom.com/wiki/Golden_King_Crab,False,False,True,False,Tranquilizer/Net (3-star)
Greenland Shark,Glacier Zone[],9,Day,20kg,9,Greenland Shark Meat; Greenland Shark Spine,Greenland Shark Sushi,https://static.wikia.nocookie.net/dave-the-diver/images/6/6d/Greenland_Shark_Thumbnail.png/revision/latest/scale-to-width-down/48?cb=20230728050511,Greenland_Shark.png,https://dave-the-diver.fandom.com/wiki/Greenland_Shark,False,False,True,False,Tranquilizer/Net (3-star)
Haddock,Glacier Zone[],8,Day,6kg,5,,Haddock Sushi; Haddock Acqua Pazza,https://static.wikia.nocookie.net/dave-the-diver/images/7/7e/Haddock_Thumbnail.png/revision/latest/scale-to-width-down/48?cb=20230728050513,Haddock.png,https://dave-the-diver.fandom.com/wiki/Haddock,False,False,True,False,Tranquilizer/Net (3-star)
Horsehair Crab,Glacier Zone[],9,Day,1.5kg,3,,Horsehair Crab Sushi; Soy Sauce Marinated Crab,https://static.wikia.nocookie.net/dave-the-diver/images/d/d2/Horsehair_Crab_Thumbnail.png/revision/latest/scale-to-width-down/48?cb=20240612161653,Horsehair_Crab.png,https://dave-the-diver.fandom.com/wiki/Horsehair_Crab,False,False,True,False,Tranquilizer/Net (3-star)
Ice Fish,Glacier Zone[],8,Day,5.5kg,3,,Ice Fish Sushi; Ice Fish Curry,https://static.wikia.nocookie.net/dave-the-diver/images/1/1f/Ice_Fish_Thumbnail.png/revision/latest/scale-to-width-down/48?cb=20230728050520,Ice_Fish.png,https://dave-the-diver.fandom.com/wiki/Ice_Fish,False,False,True,False,Tranquilizer/Net (3-star)
Leafy Seadragon,Glacier Zone[],8,Day,0.5kg,5,,Seadragon Onigiri,https://static.wikia.nocookie.net/dave-the-diver/images/4/42/Seahorse_22_Thumbnail.png/revision/latest/scale-to-width-down/48?cb=20230728052753,Leafy_Seadragon.png,https://dave-the-diver.fandom.com/wiki/Leafy_Seadragon,False,False,True,False,Tranquilizer/Net (3-star)
Lumpfish,Glacier Zone[],8,Day,5kg,,,Lumpfish sushi,https://static.wikia.nocookie.net/dave-the-diver/images/9/9d/LumpFish_Thumbnail.png/revision/latest/scale-to-width-down/48?cb=20230728050800,Lumpfish.png,https://dave-the-diver.fandom.com/wiki/Lumpfish,False,False,True,False,Tranquilizer/Net (3-star)
Narwhal,Glacier Zone[],9,Day,9.5kg,9,Narwhal Meat; Narwhal Tusk,Narwhal Sushi; Narwhal Miso Soup,https://static.wikia.nocookie.net/dave-the-diver/images/a/a2/Narwhals_Thumbnail.png/revision/latest/scale-to-width-down/48?cb=20230728050826,Narwhal.png,https://dave-the-diver.fandom.com/wiki/Narwhal,False,False,True,False,Tranquilizer/Net (3-star)
Phantom Jellyfish,Glacier Zone[],99,Day,1kg,1,Phantom Jellyfish Poison Sack; Phantom Jellyfish Meat,Phantom Jellyfish Jelly,https://static.wikia.nocookie.net/dave-the-diver/images/7/7a/Boss_Phantom_Jellyfish_Thumbnail.png/revision/latest/scale-to-width-down/48?cb=20230728052535,Phantom_Jellyfish.png,https://dave-the-diver.fandom.com/wiki/Phantom_Jellyfish,False,False,True,False,Tranquilizer/Net (3-star)
Polar Eelpout,Glacier Zone[],8,Day,3kg,3,,Polar Eelpout Sushi,https://static.wikia.nocookie.net/dave-the-diver/images/b/b6/Polar_Eelpout_Thumbnail.png/revision/latest/scale-to-width-down/48?cb=20230728051200,Polar_Eelpout.png,https://dave-the-diver.fandom.com/wiki/Polar_Eelpout,False,False,True,False,Tranquilizer/Net (3-star)
Porbeagle Shark,Glacier Zone[],9,Day,13.5kg,9,Porbeagle Shark Meat; Porbeagle Shark Tooth,Boiled Porbeagle Shark; Porbeagle Shark Sushi,https://static.wikia.nocookie.net/dave-the-diver/images/9/90/Porbeagle_Shark_Thumbnail.png/revision/latest/scale-to-width-down/48?cb=20230728051201,Porbeagle_Shark.png,https://dave-the-diver.fandom.com/wiki/Porbeagle_Shark,False,False,True,False,Tranquilizer/Net (3-star)
Snow Crab,Glacier Zone[],8,Day,2kg,3,,Snow Crab Sushi; Soy Sauce Marinated Crab,https://static.wikia.nocookie.net/dave-the-diver/images/a/a9/Snow_Crab_Thumbnail.png/revision/latest/scale-to-width-down/48?cb=20231227231941,Snow_Crab.png,https://dave-the-diver.fandom.com/wiki/Snow_Crab,False,False,True,False,Tranquilizer/Net (3-star)
Snub-nosed Spiny Eel,Glacier Zone[],9,Day,6.5kg,5,,Grilled Eel with Habanero; Rainbow Cap Eel Skewers; Snub-nosed Spiny Eel Sushi,https://static.wikia.nocookie.net/dave-the-diver/images/e/ea/SnubNosedSpiny_Eel_Thumbnail.png/revision/latest/scale-to-width-down/48?cb=20230728051521,Snub_nosed_Spiny_Eel.png,https://dave-the-diver.fandom.com/wiki/Snub-nosed_Spiny_Eel,False,False,True,False,Tranquilizer/Net (3-star)
Starry Skate,Glacier Zone[],9,Day,5.5kg,9,,Starry Skate Sushi; Dried Stingray,https://static.wikia.nocookie.net/dave-the-diver/images/b/b4/Antarctic_Starry_Skate_Thumbnail.png/revision/latest/scale-to-width-down/48?cb=20230727051431,Starry_Skate.png,https://dave-the-diver.fandom.com/wiki/Starry_Skate,False,False,True,False,Tranquilizer/Net (3-star)
Weedy Seadragon,Glacier Zone[],8,Day,0.5kg,5,,Seadragon Onigiri,https://static.wikia.nocookie.net/dave-the-diver/images/5/5d/Seahorse_21_Thumbnail.png/revision/latest/scale-to-width-down/48?cb=20230728052750,Weedy_Seadragon.png,https://dave-the-diver.fandom.com/wiki/Weedy_Seadragon,False,False,True,False,Tranquilizer/Net (3-star)
Allenypterus,Hydrothermal Vents[],9,Day,4kg,,,Allenypterus Sushi,https://static.wikia.nocookie.net/dave-the-diver/images/f/ff/Allenypterus_Thumbnail.png/revision/latest/scale-to-width-down/48?cb=20230728040530,Allenypterus.png,https://dave-the-diver.fandom.com/wiki/Allenypterus,False,False,True,False,Tranquilizer/Net (3-star)
Anomalocaris,Hydrothermal Vents[],9,Day,4.0kg,3,,Young Anomalocaris Sushi,https://static.wikia.nocookie.net/dave-the-diver/images/c/cf/Baby_Anomalocaris_Thumbnail.png/revision/latest/scale-to-width-down/48?cb=20230728040548,Anomalocaris.png,https://dave-the-diver.fandom.com/wiki/Anomalocaris,False,False,True,False,Tranquilizer/Net (3-star)
Dollocaris Ingens,Hydrothermal Vents[],8,Day,1.5kg,,,Dollocaris Ingens Sushi,https://static.wikia.nocookie.net/dave-the-diver/images/a/a6/Dollocaris_Ingens_Thumbnail.png/revision/latest/scale-to-width-down/48?cb=20240612162241,Dollocaris_Ingens.png,https://dave-the-diver.fandom.com/wiki/Dollocaris_Ingens,False,False,True,False,Tranquilizer/Net (3-star)
Drepanaspis,Hydrothermal Vents[],9,Day,8.5kg,9,Drepanaspis Head Plate,Drepanaspis Sushi,https://static.wikia.nocookie.net/dave-the-diver/images/5/5a/Drepanaspis_Thumbnail.png/revision/latest/scale-to-width-down/48?cb=20230728040639,Drepanaspis.png,https://dave-the-diver.fandom.com/wiki/Drepanaspis,False,False,True,False,Tranquilizer/Net (3-star)
Dunkleosteus,Hydrothermal Vents[],9,Day,19.5kg,9,Dunkleosteus Meat; Dunkleosteus Thoracic Shield,Dunkleosteus Sushi,https://static.wikia.nocookie.net/dave-the-diver/images/c/c8/Dunkleosteus_Thumbnail.png/revision/latest/scale-to-width-down/46?cb=20230728050109,Dunkleosteus.png,https://dave-the-diver.fandom.com/wiki/Dunkleosteus,False,False,True,False,Tranquilizer/Net (3-star)
Falcatus,Hydrothermal Vents[],9,Day,6kg,3,,Falcatus Sushi; Falcatus Soybean Paste Soup,https://static.wikia.nocookie.net/dave-the-diver/images/6/64/Falcatus_Thumbnail.png/revision/latest/scale-to-width-down/48?cb=20230728050117,Falcatus.png,https://dave-the-diver.fandom.com/wiki/Falcatus,False,False,True,False,Tranquilizer/Net (3-star)
Helicoprion,Hydrothermal Vents[],99,Day,1kg,1,Helicoprion Tail; Helicoprion Sawblade,Roasted Helicoprion Tail,https://static.wikia.nocookie.net/dave-the-diver/images/f/fa/Boss_Helicoprion_Thumbnail.png/revision/latest/scale-to-width-down/48?cb=20230728052533,Helicoprion.png,https://dave-the-diver.fandom.com/wiki/Helicoprion,False,False,True,False,Tranquilizer/Net (3-star)
Kronosaurus,Hydrothermal Vents[],99,Day,1kg,1,Kronosaurus Tongue; Kronosaurus Thyroid Gland,Steamed Kronosaurus Tongue,https://static.wikia.nocookie.net/dave-the-diver/images/5/57/Boss_Kronosaurus_Thumbnail.png/revision/latest/scale-to-width-down/48?cb=20230728052533,Kronosaurus.png,https://dave-the-diver.fandom.com/wiki/Kronosaurus,False,False,True,False,Tranquilizer/Net (3-star)
Megalograptus,Hydrothermal Vents[],9,Day,8kg,,,Megalograptus Sushi,https://static.wikia.nocookie.net/dave-the-diver/images/f/fb/Megalograptus_Thumbnail.png/revision/latest/scale-to-width-down/48?cb=20230728050820,Megalograptus.png,https://dave-the-diver.fandom.com/wiki/Megalograptus,False,False,True,False,Tranquilizer/Net (3-star)
Pikaia,Hydrothermal Vents[],9,Day,4.5kg,,,Pikaia Sushi; Pikaia Ramen,https://static.wikia.nocookie.net/dave-the-diver/images/8/83/Pikaia_Thumbnail.png/revision/latest/scale-to-width-down/48?cb=20230728051159,Pikaia.png,https://dave-the-diver.fandom.com/wiki/Pikaia,False,False,True,False,Tranquilizer/Net (3-star)
Qingmendous,Hydrothermal Vents[],9,Day,6kg,,,Qingmendous Sushi,https://static.wikia.nocookie.net/dave-the-diver/images/d/de/Qingmendous_Thumbnail.png/revision/latest/scale-to-width-down/48?cb=20230728051204,Qingmendous.png,https://dave-the-diver.fandom.com/wiki/Qingmendous,False,False,True,False,Tranquilizer/Net (3-star)
Ruby Seadragon,Hydrothermal Vents[],9,Day,0.5kg,5,,Seadragon Onigiri,https://static.wikia.nocookie.net/dave-the-diver/images/b/b9/Seahorse_23_Thumbnail.png/revision/latest/scale-to-width-down/48?cb=20230728052754,Ruby_Seadragon.png,https://dave-the-diver.fandom.com/wiki/Ruby_Seadragon,False,False,True,False,Tranquilizer/Net (3-star)
Tokummia Katalepsis,Hydrothermal Vents[],9,Day,2kg,3,,Tokummia Katalepsis Sushi; Lobster Platter,https://static.wikia.nocookie.net/dave-the-diver/images/d/db/Tokummia_Katalepsis_Thumbnail.png/revision/latest/scale-to-width-down/48?cb=20240612163925,Tokummia_Katalepsis.png,https://dave-the-diver.fandom.com/wiki/Tokummia_Katalepsis,False,False,True,False,Tranquilizer/Net (3-star)
Waptia Fieldensis,Hydrothermal Vents[],9,Day,0.4kg,,,Seasoned Waptia Fieldensis; Waptia Sushi,https://static.wikia.nocookie.net/dave-the-diver/images/3/3f/Waptia_fieldensis_Thumbnail.png/revision/latest/scale-to-width-down/48?cb=20230728045649,Waptia_Fieldensis.png,https://dave-the-diver.fandom.com/wiki/Waptia_Fieldensis,False,False,True,False,Tranquilizer/Net (3-star)
Xenacanthus,Hydrothermal Vents[],9,Day,5.5kg,9,Xenacanthus Meat,Xenacanthus Sushi,https://static.wikia.nocookie.net/dave-the-diver/images/d/de/Xenacanthus_Thumbnail.png/revision/latest/scale-to-width-down/48?cb=20230728045553,Xenacanthus.png,https://dave-the-diver.fandom.com/wiki/Xenacanthus,False,False,True,False,Tranquilizer/Net (3-star)
Yawie,Hydrothermal Vents[],99,Day,,1,Yawie's Inner Flesh,Yawie Steamed Meat,https://static.wikia.nocookie.net/dave-the-diver/images/4/40/Boss_Anomalocaris_Thumbnail.png/revision/latest/scale-to-width-down/48?cb=20230728052525,Yawie.png,https://dave-the-diver.fandom.com/wiki/Yawie,False,False,True,False,Tranquilizer/Net (3-star)
Aurora Jellyfish,Aberrations[],5,Jellyfish Basin,5kg,,,Aurora Jellyfish Sushi,https://static.wikia.nocookie.net/dave-the-diver/images/f/fa/Aurora_Jellyfish_Thumbnail.png/revision/latest/scale-to-width-down/37?cb=20240614145940,Aurora_Jellyfish.png,https://dave-the-diver.fandom.com/wiki/Aurora_Jellyfish,False,False,True,False,Harpoon (2-star)
Barbed Eel,Aberrations[],7,Fog Coast,6kg,,,Barbed Eel Sushi,https://static.wikia.nocookie.net/dave-the-diver/images/b/bb/Barbed_Eel_Thumbnail.png/revision/latest/scale-to-width-down/48?cb=20240614145951,Barbed_Eel.png,https://dave-the-diver.fandom.com/wiki/Barbed_Eel,False,False,True,False,Harpoon (2-star)
Bloodskin Shark,Aberrations[],9,Fog Coast,11.5kg,,Bloodskin Shark Tendon,Bloodskin Shark Sushi,https://static.wikia.nocookie.net/dave-the-diver/images/8/88/Bloodskin_Shark_Thumbnail.png/revision/latest/scale-to-width-down/48?cb=20240614151854,Bloodskin_Shark.png,https://dave-the-diver.fandom.com/wiki/Bloodskin_Shark,False,False,True,False,Tranquilizer/Net (3-star)
Bony Wreckfish,Aberrations[],7,Black Cliff,8kg,,,Bony Wreckfish Sushi,https://static.wikia.nocookie.net/dave-the-diver/images/f/f4/Bony_Wreckfish_Thumbnail.png/revision/latest/scale-to-width-down/48?cb=20240614151900,Bony_Wreckfish.png,https://dave-the-diver.fandom.com/wiki/Bony_Wreckfish,False,False,True,False,Harpoon (2-star)
Bursting Anglerfish,Aberrations[],7,Jellyfish Basin,6kg,,,Bursting Anglerfish Sushi,https://static.wikia.nocookie.net/dave-the-diver/images/2/2d/Bursting_Anglerfish_Thumbnail.png/revision/latest/scale-to-width-down/48?cb=20240614151907,Bursting_Anglerfish.png,https://dave-the-diver.fandom.com/wiki/Bursting_Anglerfish,False,False,True,False,Harpoon (2-star)
Cerebral Crab,Aberrations[],7,Fog Coast,2kg,,,Cerebral Crab Sushi,https://static.wikia.nocookie.net/dave-the-diver/images/4/4b/Cerebral_Crab_Thumbnail.png/revision/latest?cb=20240619150531,Cerebral_Crab.png,https://dave-the-diver.fandom.com/wiki/Cerebral_Crab,False,False,True,False,Harpoon (2-star)
Concertina Barracuda,Aberrations[],8,Jellyfish Basin,6.5kg,,,Concertina Barracuda Sushi,https://static.wikia.nocookie.net/dave-the-diver/images/4/47/Concertina_Barracuda_Thumbnail.png/revision/latest/scale-to-width-down/48?cb=20240619150635,Concertina_Barracuda.png,https://dave-the-diver.fandom.com/wiki/Concertina_Barracuda,False,False,True,False,Tranquilizer/Net (3-star)
Cortex Decorator,Aberrations[],7,Black Cliff,2.5kg,,,Cortex Decorator Sushi,https://static.wikia.nocookie.net/dave-the-diver/images/f/fb/Cortex_Decorator_Thumbnail.png/revision/latest/scale-to-width-down/48?cb=20240619150719,Cortex_Decorator.png,https://dave-the-diver.fandom.com/wiki/Cortex_Decorator,False,False,True,False,Harpoon (2-star)
Entangled Crab,Aberrations[],8,Jellyfish Basin,2.5kg,,,Entangled Crab Sushi,https://static.wikia.nocookie.net/dave-the-diver/images/4/42/Entangled_Crab_Thumbnail.png/revision/latest/scale-to-width-down/48?cb=20240619150756,Entangled_Crab.png,https://dave-the-diver.fandom.com/wiki/Entangled_Crab,False,False,True,False,Tranquilizer/Net (3-star)
Enthralled Stonefish,Aberrations[],6,Black Cliff,8kg,,,Enthralled Stonefish Sushi,https://static.wikia.nocookie.net/dave-the-diver/images/2/28/Enthralled_Stonefish_Thumbnail.png/revision/latest?cb=20240619150828,Enthralled_Stonefish.png,https://dave-the-diver.fandom.com/wiki/Enthralled_Stonefish,False,False,True,False,Harpoon (2-star)
Fanged Cod,Aberrations[],5,Fog Coast,3.5kg,,,Fanged Cod Sushi,https://static.wikia.nocookie.net/dave-the-diver/images/4/43/Fanged_Cod_Thumbnail.png/revision/latest/scale-to-width-down/48?cb=20240619150850,Fanged_Cod.png,https://dave-the-diver.fandom.com/wiki/Fanged_Cod,False,False,True,False,Harpoon (2-star)
Gazing Shark,Aberrations[],9,Jellyfish Basin,11kg,,Gazing Shark Eyeball,Gazing Shark Sushi,https://static.wikia.nocookie.net/dave-the-diver/images/8/8e/Gazing_Shark_Thumbnail.png/revision/latest/scale-to-width-down/48?cb=20240619151757,Gazing_Shark.png,https://dave-the-diver.fandom.com/wiki/Gazing_Shark,False,False,True,False,Tranquilizer/Net (3-star)
Gelatinous Stonefish,Aberrations[],5,Black Cliff,7.5kg,,,Gelatinous Stonefish Sushi,https://static.wikia.nocookie.net/dave-the-diver/images/7/79/Gelatinous_Stonefish_Thumbnail.png/revision/latest/scale-to-width-down/48?cb=20240619151804,Gelatinous_Stonefish.png,https://dave-the-diver.fandom.com/wiki/Gelatinous_Stonefish,False,False,True,False,Harpoon (2-star)
Gnashing Perch,Aberrations[],6,Black Cliff,4.5kg,,,Gnashing Perch Sushi,https://static.wikia.nocookie.net/dave-the-diver/images/3/3f/Gnashing_Perch_Thumbnail.png/revision/latest/scale-to-width-down/48?cb=20240619151811,Gnashing_Perch.png,https://dave-the-diver.fandom.com/wiki/Gnashing_Perch,False,False,True,False,Harpoon (2-star)
Grotesque Mackerel,Aberrations[],5,Fog Coast,3kg,,,Grotesque Mackerel Sushi,https://static.wikia.nocookie.net/dave-the-diver/images/a/a3/Grotesque_Mackerel_Thumbnail.png/revision/latest/scale-to-width-down/48?cb=20240619151817,Grotesque_Mackerel.png,https://dave-the-diver.fandom.com/wiki/Grotesque_Mackerel,False,False,True,False,Harpoon (2-star)
Host Eel,Aberrations[],8,Fog Coast,5.5kg,,,Host Eel Sushi,https://static.wikia.nocookie.net/dave-the-diver/images/2/21/Host_Eel_Thumbnail.png/revision/latest/scale-to-width-down/48?cb=20240619151823,Host_Eel.png,https://dave-the-diver.fandom.com/wiki/Host_Eel,False,False,True,False,Tranquilizer/Net (3-star)
Imperious Lobster,Aberrations[],9,Jellyfish Basin,3kg,,,Imperious Lobster Sushi,https://static.wikia.nocookie.net/dave-the-diver/images/7/7e/Imperious_Lobster_Thumbnail.png/revision/latest/scale-to-width-down/48?cb=20240619151829,Imperious_Lobster.png,https://dave-the-diver.fandom.com/wiki/Imperious_Lobster,False,False,True,False,Tranquilizer/Net (3-star)
Malignant Pincer,Aberrations[],8,Fog Coast,2.5kg,,,Malignant Pincer Sushi,https://static.wikia.nocookie.net/dave-the-diver/images/e/e7/Malignant_Pincer_Thumbnail.png/revision/latest/scale-to-width-down/48?cb=20240619151838,Malignant_Pincer.png,https://dave-the-diver.fandom.com/wiki/Malignant_Pincer,False,False,True,False,Tranquilizer/Net (3-star)
Many Eyed Mackerel,Aberrations[],6,Fog Coast,2.5kg,,,Many Eyed Mackerel Sushi,https://static.wikia.nocookie.net/dave-the-diver/images/e/ee/Many_Eyed_Mackerel_Thumbnail.png/revision/latest/scale-to-width-down/48?cb=20240619151844,Many_Eyed_Mackerel.png,https://dave-the-diver.fandom.com/wiki/Many_Eyed_Mackerel,False,False,True,False,Harpoon (2-star)
Parhelion Jellyfish,Aberrations[],5,Jellyfish Basin,5kg,,,Parhelion Jellyfish Sushi,https://static.wikia.nocookie.net/dave-the-diver/images/4/4b/Parhelion_Jellyfish_Thumbnail.png/revision/latest/scale-to-width-down/44?cb=20240619152505,Parhelion_Jellyfish.png,https://dave-the-diver.fandom.com/wiki/Parhelion_Jellyfish,False,False,True,False,Harpoon (2-star)
Perished Loosejaw,Aberrations[],6,Jellyfish Basin,3kg,,,Perished Loosejaw Sushi,https://static.wikia.nocookie.net/dave-the-diver/images/e/e6/Perished_Loosejaw_Thumbnail.png/revision/latest/scale-to-width-down/48?cb=20240619152512,Perished_Loosejaw.png,https://dave-the-diver.fandom.com/wiki/Perished_Loosejaw,False,False,True,False,Harpoon (2-star)
Radiant Squid,Aberrations[],5,Jellyfish Basin,4.5kg,,,Radiant Squid Sushi,https://static.wikia.nocookie.net/dave-the-diver/images/7/77/Radiant_Squid_Thumbnail.png/revision/latest/scale-to-width-down/48?cb=20240619152519,Radiant_Squid.png,https://dave-the-diver.fandom.com/wiki/Radiant_Squid,False,False,True,False,Harpoon (2-star)
Sallow Sailfish,Aberrations[],9,Fog Coast,9.5kg,,,Sallow Sailfish Sushi,https://static.wikia.nocookie.net/dave-the-diver/images/5/57/Sallow_Sailfish_Thumbnail.png/revision/latest/scale-to-width-down/48?cb=20240619152526,Sallow_Sailfish.png,https://dave-the-diver.fandom.com/wiki/Sallow_Sailfish,False,False,True,False,Tranquilizer/Net (3-star)
Savage Barracuda,Aberrations[],7,Jellyfish Basin,7kg,,,Savage Barracuda Sushi,https://static.wikia.nocookie.net/dave-the-diver/images/d/d3/Savage_Barracuda_Thumbnail.png/revision/latest/scale-to-width-down/48?cb=20240619152532,Savage_Barracuda.png,https://dave-the-diver.fandom.com/wiki/Savage_Barracuda,False,False,True,False,Harpoon (2-star)
Scouring Bass,Aberrations[],5,Black Cliff,3.5kg,,,Scouring Bass Sushi,https://static.wikia.nocookie.net/dave-the-diver/images/e/e6/Scouring_Bass_Thumbnail.png/revision/latest/scale-to-width-down/48?cb=20240619153137,Scouring_Bass.png,https://dave-the-diver.fandom.com/wiki/Scouring_Bass,False,False,True,False,Harpoon (2-star)
Seizing Snailfish,Aberrations[],6,Jellyfish Basin,5kg,,,Seizing Snailfish Sushi,https://static.wikia.nocookie.net/dave-the-diver/images/2/2e/Seizing_Snailfish_Thumbnail.png/revision/latest/scale-to-width-down/48?cb=20240619153143,Seizing_Snailfish.png,https://dave-the-diver.fandom.com/wiki/Seizing_Snailfish,False,False,True,False,Harpoon (2-star)
Shattered Wreckfish,Aberrations[],6,Black Cliff,6.5kg,,,Shattered Wreckfish Sushi,https://static.wikia.nocookie.net/dave-the-diver/images/8/8d/Shattered_Wreckfish_Thumbnail.png/revision/latest/scale-to-width-down/48?cb=20240619153150,Shattered_Wreckfish.png,https://dave-the-diver.fandom.com/wiki/Shattered_Wreckfish,False,False,True,False,Harpoon (2-star)
Splintered Crab,Aberrations[],8,Black Cliff,3.5kg,,,Splintered Crab Sushi,https://static.wikia.nocookie.net/dave-the-diver/images/6/6e/Splintered_Crab_Thumbnail.png/revision/latest/scale-to-width-down/48?cb=20240619153155,Splintered_Crab.png,https://dave-the-diver.fandom.com/wiki/Splintered_Crab,False,False,True,False,Tranquilizer/Net (3-star)
Sprouting Eel,Aberrations[],7,Black Cliff,7kg,,,Sprouting Eel Sushi,https://static.wikia.nocookie.net/dave-the-diver/images/7/78/Sprouting_Eel_Thumbnail.png/revision/latest/scale-to-width-down/48?cb=20240619153708,Sprouting_Eel.png,https://dave-the-diver.fandom.com/wiki/Sprouting_Eel,False,False,True,False,Harpoon (2-star)
Three-Headed Cod,Aberrations[],6,Fog Coast,6kg,,,Three-Headed Cod Sushi,https://static.wikia.nocookie.net/dave-the-diver/images/e/e7/Three-Headed_Cod_Thumbnail.png/revision/latest/scale-to-width-down/48?cb=20240619153715,Three_Headed_Cod.png,https://dave-the-diver.fandom.com/wiki/Three-Headed_Cod,False,False,True,False,Harpoon (2-star)
Translucent Sturgeon,Aberrations[],9,Black Cliff,8kg,,Translucent Sturgeon Backbone,Translucent Sturgeon Sushi,https://static.wikia.nocookie.net/dave-the-diver/images/3/34/Translucent_Sturgeon_Thumbnail.png/revision/latest/scale-to-width-down/48?cb=20240619153723,Translucent_Sturgeon.png,https://dave-the-diver.fandom.com/wiki/Translucent_Sturgeon,False,False,True,False,Tranquilizer/Net (3-star)
Tusked Grouper,Aberrations[],6,Fog Coast,5kg,,,Tusked Grouper Sushi,https://static.wikia.nocookie.net/dave-the-diver/images/9/95/Tusked_Grouper_Thumbnail.png/revision/latest/scale-to-width-down/48?cb=20240619153729,Tusked_Grouper.png,https://dave-the-diver.fandom.com/wiki/Tusked_Grouper,False,False,True,False,Harpoon (2-star)
Voltaic Grouper,Aberrations[],7,Fog Coast,6kg,,,Voltaic Grouper Sushi,https://static.wikia.nocookie.net/dave-the-diver/images/9/99/Voltaic_Grouper_Thumbnail.png/revision/latest?cb=20240619153737,Voltaic_Grouper.png,https://dave-the-diver.fandom.com/wiki/Voltaic_Grouper,False,False,True,False,Harpoon (2-star)
Withered Ray,Aberrations[],9,Black Cliff,8.5kg,,,Withered Ray Sushi,https://static.wikia.nocookie.net/dave-the-diver/images/d/d1/Withered_Ray_Thumbnail.png/revision/latest/scale-to-width-down/48?cb=20240619153745,Withered_Ray.png,https://dave-the-diver.fandom.com/wiki/Withered_Ray,False,False,True,False,Tranquilizer/Net (3-star)
